step,policy_arm_delta,command_arm_delta,observed_arm_delta,policy_gripper_delta,command_gripper_delta,observed_gripper_delta,command_arm_delta_change,command_gripper_delta_change,command_follow_error_arm,command_follow_error_gripper,target_period_sec,step_elapsed_sec,control_overrun
1,0.14872848987579346,0.004000000189989805,1.800060272216797e-05,0.06884002685546875,0.019999980926513672,0.019999980926513672,0.004000000189989805,0.019999980926513672,0.00400993088260293,0.0,0.04,0.05059870199966099,True
2,0.2264435589313507,0.00800000037997961,0.0012755393981933594,0.046556293964385986,0.019999980926513672,0.019999980926513672,0.004000000189989805,0.0006420016288757324,0.007345082238316536,0.0,0.04,0.060598631000175374,True
3,0.3192068934440613,0.012000000104308128,0.0024751212913542986,0.007100224494934082,0.007100224494934082,0.007100224494934082,0.0040000006556510925,0.01289975643157959,0.009646842256188393,0.0,0.04,0.05200105599988092,True
4,0.4006785452365875,0.014999999664723873,0.002882847562432289,0.016766369342803955,0.016766369342803955,0.016766369342803955,0.003999999724328518,0.009666144847869873,0.012126401998102665,0.0,0.04,0.050232654999945225,True
5,0.4899255037307739,0.014999999664723873,0.003970763646066189,0.026178479194641113,0.019999980926513672,0.019999980926513672,0.0040000006556510925,0.03676635026931763,0.012869954109191895,0.0,0.04,0.05580416300017532,True
6,0.5244556665420532,0.015000000596046448,0.004097938537597656,0.028188228607177734,0.019999980926513672,0.019999980926513672,0.004000000189989805,0.039999961853027344,0.011372648179531097,0.0,0.04,0.052009714000178064,True
7,0.5208283066749573,0.015000000596046448,0.0037488937377929688,0.008188247680664062,0.008188247680664062,0.008188247680664062,0.004000000189989805,0.01181173324584961,0.01199834793806076,0.0,0.04,0.051800572000047396,True
8,0.5178266763687134,0.015000000596046448,0.003359304741024971,0.0,0.0,0.0,0.0040000006556510925,0.008188247680664062,0.012176752090454102,0.0,0.04,0.05170969700020578,True
9,0.5144673585891724,0.015000002458691597,0.0036787986755371094,0.0,0.0,0.0,0.003999948501586914,0.0,0.011476807296276093,0.0,0.04,0.05506948999982342,True
10,0.5109441876411438,0.015000000596046448,0.003504633903503418,0.0,0.0,0.0,0.0025277137756347656,0.0,0.011898359283804893,0.0,0.04,0.05167097499997908,True
11,0.5078412294387817,0.015000000596046448,0.003930091857910156,0.0,0.0,0.0,0.0029085874557495117,0.0,0.011957168579101562,0.0,0.04,0.05231043599997065,True
12,0.5046243667602539,0.015000000596046448,0.0035380125045776367,0.0,0.0,0.0,0.003930091857910156,0.0,0.011515431106090546,0.0,0.04,0.055187635000038426,True
13,0.5011398196220398,0.015000000596046448,0.0031391382217407227,0.0,0.0,0.0,0.0029109716415405273,0.0,0.011907748878002167,0.0,0.04,0.05242326100005812,True
14,0.4980470538139343,0.015000000596046448,0.0031651370227336884,0.0,0.0,0.0,0.0010873079299926758,0.0,0.011884093284606934,0.0,0.04,0.05108603200005746,True
15,0.49488192796707153,0.015000000596046448,0.003499746322631836,0.0,0.0,0.0,0.0010620355606079102,0.0,0.011515852063894272,0.0,0.04,0.05561611899975105,True
16,0.49139776825904846,0.015000000596046448,0.003165006637573242,0.0,0.0,0.0,0.003499746322631836,0.0,0.011835332959890366,0.0,0.04,0.05125893399963388,True
17,0.4882327914237976,0.015000000596046448,0.0031707920134067535,0.0,0.0,0.0,0.0029336214065551758,0.0,0.011830132454633713,0.0,0.04,0.05280114800007141,True
18,0.48506200313568115,0.015000000596046448,0.0034776702523231506,0.0,0.0,0.0,0.002130270004272461,0.0,0.011522781103849411,0.0,0.04,0.055129736000253615,True
19,0.481584757566452,0.015000000596046448,0.0031126737594604492,0.0,0.0,0.0,0.0012331008911132812,0.0,0.011887669563293457,0.0,0.04,0.052395473000160564,True
20,0.4784723222255707,0.015000004321336746,0.003152221441268921,0.0,0.0,0.0,0.0008387565612792969,0.0,0.011848025023937225,0.0,0.04,0.051731502000166074,True
21,0.47532010078430176,0.015000008046627045,0.0032368898391723633,0.0,0.0,0.0,0.0006673336029052734,0.0,0.011763334274291992,0.0,0.04,0.05147004099990227,True
22,0.47208335995674133,0.015000000596046448,0.003136873245239258,0.0,0.0,0.0,0.0005321502685546875,0.0,0.011863231658935547,0.0,0.04,0.051470851999965817,True
23,0.46894654631614685,0.015000000596046448,0.003150857985019684,0.0,0.0,0.0,0.0004246234893798828,0.0,0.011849284172058105,0.0,0.04,0.05135746099995231,True
24,0.46579569578170776,0.015000000596046448,0.003174901008605957,0.0,0.0,0.0,0.0003390312194824219,0.0,0.01182524859905243,0.0,0.04,0.051865849000023445,True
25,0.46262091398239136,0.015000000596046448,0.0033872127532958984,0.0,0.0,0.0,0.00027048587799072266,0.0,0.011613011360168457,0.0,0.04,0.05625427299992225,True
26,0.06569802761077881,0.015000000596046448,0.0031203031539916992,0.008013904094696045,0.008013904094696045,0.008013904094696045,0.004000000189989805,0.008013904094696045,0.011879920959472656,0.0,0.04,0.05077048399971318,True
27,0.1330638974905014,0.015000000596046448,0.003155350685119629,0.010128140449523926,0.01012808084487915,0.01012808084487915,0.004000000189989805,0.018141984939575195,0.012467503547668457,0.0,0.04,0.053566806000162615,True
28,0.22453245520591736,0.015000000596046448,0.0036976560950279236,0.019456803798675537,0.019456803798675537,0.019456803798675537,0.004000000189989805,0.016146361827850342,0.012226700782775879,0.0,0.04,0.05769373400016775,True
29,0.3068511188030243,0.015000000596046448,0.004381656646728516,0.01772284507751465,0.01772284507751465,0.01772284507751465,0.0040000006556510925,0.037179648876190186,0.011938333511352539,0.0,0.04,0.05531892199996946,True
30,0.3925909101963043,0.015000000596046448,0.003565192222595215,0.026659250259399414,0.019999980926513672,0.019999980926513672,0.0040000006556510925,0.03772282600402832,0.012196898460388184,0.0,0.04,0.0513422819999505,True
31,0.43155932426452637,0.015000000596046448,0.004213929176330566,0.034022748470306396,0.019999980926513672,0.019999980926513672,0.004000000189989805,0.039999961853027344,0.011668205261230469,0.0,0.04,0.05615274599995246,True
32,0.42800500988960266,0.015000000596046448,0.0034563541412353516,0.014022767543792725,0.014022767543792725,0.014022767543792725,0.004000000189989805,0.006842911243438721,0.01181192696094513,0.0,0.04,0.051893696000206546,True
33,0.42481693625450134,0.015000000596046448,0.003155253827571869,0.0,0.0,0.0,0.0040000006556510925,0.014022767543792725,0.011973857879638672,0.0,0.04,0.05126972300013222,True
34,0.4216616749763489,0.015000000596046448,0.0032536983489990234,0.0,0.0,0.0,0.003999948501586914,0.0,0.011802315711975098,0.0,0.04,0.0521733409996159,True
35,0.41840803623199463,0.015000000596046448,0.0032312870025634766,0.0,0.0,0.0,0.003999948501586914,0.0,0.01184496283531189,0.0,0.04,0.05186585499995999,True
36,0.4152529835700989,0.015000000596046448,0.0031499862670898438,0.0,0.0,0.0,0.003999948501586914,0.0,0.011886358261108398,0.0,0.04,0.05178633700006685,True
37,0.4121031165122986,0.015000008046627045,0.003178715705871582,0.0,0.0,0.0,0.00262296199798584,0.0,0.011835813522338867,0.0,0.04,0.05174537299990334,True
38,0.40892452001571655,0.015000000596046448,0.003173351287841797,0.0,0.0,0.0,0.0026377439498901367,0.0,0.01184844970703125,0.0,0.04,0.050662842000292585,True
39,0.4057729244232178,0.015000008046627045,0.0031511783599853516,0.0,0.0,0.0,0.0029549598693847656,0.0,0.01185905933380127,0.0,0.04,0.052629805999913515,True
40,0.4026217758655548,0.015000000596046448,0.003404378890991211,0.0,0.0,0.0,0.0023223161697387695,0.0,0.011599183082580566,0.0,0.04,0.05533297100009804,True
41,0.3992175757884979,0.015000008046627045,0.0031876564025878906,0.0,0.0,0.0,0.0009454488754272461,0.0,0.011816978454589844,0.0,0.04,0.05196854399991935,True
42,0.39603447914123535,0.015000015497207642,0.003166213631629944,0.0,0.0,0.0,0.0005739927291870117,0.0,0.011837482452392578,0.0,0.04,0.05153166700029033,True
43,0.3928682506084442,0.015000000596046448,0.0032144784927368164,0.0,0.0,0.0,0.0004538297653198242,0.0,0.011786341667175293,0.0,0.04,0.05183283000042138,True
44,0.38965386152267456,0.015000000596046448,0.0034017562866210938,0.0,0.0,0.0,0.00036203861236572266,0.0,0.01159977912902832,0.0,0.04,0.055755940999915765,True
45,0.3862534761428833,0.015000000596046448,0.0031888484954833984,0.0,0.0,0.0,0.0003083944320678711,0.0,0.011812090873718262,0.0,0.04,0.05107783899984497,True
46,0.3830646872520447,0.015000000596046448,0.0031839609146118164,0.0,0.0,0.0,0.00022649765014648438,0.0,0.011816263198852539,0.0,0.04,0.05151924099982352,True
47,0.3798808455467224,0.015000000596046448,0.003214120864868164,0.0,0.0,0.0,0.00018084049224853516,0.0,0.011786460876464844,0.0,0.04,0.051229991000127484,True
48,0.37666720151901245,0.015000000596046448,0.003192305564880371,0.0,0.0,0.0,0.0001442432403564453,0.0,0.011808037757873535,0.0,0.04,0.05206257800000458,True
49,0.37347495555877686,0.015000000596046448,0.0031991004943847656,0.0,0.0,0.0,0.00011515617370605469,0.0,0.011801004409790039,0.0,0.04,0.05198937200020737,True
50,0.05460033565759659,0.015000000596046448,0.0034176409244537354,0.019747138023376465,0.019747138023376465,0.019747138023376465,0.004000000189989805,0.019747138023376465,0.011582359671592712,0.0,0.04,0.05665385600013906,True
51,0.10768590867519379,0.015000000596046448,0.003158390522003174,0.00836712121963501,0.008367180824279785,0.008367180824279785,0.004000000189989805,0.017039060592651367,0.012595415115356445,0.0,0.04,0.05147759999999835,True
52,0.1987455040216446,0.015000000596046448,0.00366152822971344,0.01093202829360962,0.01093202829360962,0.01093202829360962,0.003999948501586914,0.007956326007843018,0.012311458587646484,0.0,0.04,0.057489214000270294,True
53,0.2729763090610504,0.015000000596046448,0.004631519317626953,0.014348387718200684,0.014348387718200684,0.014348387718200684,0.004000000189989805,0.025280416011810303,0.012926697731018066,0.0,0.04,0.056663413000023866,True
54,0.35374969244003296,0.015000000596046448,0.004213213920593262,0.021782875061035156,0.019999980926513672,0.019999980926513672,0.003999948501586914,0.034348368644714355,0.012215495109558105,0.0,0.04,0.05006497400017906,True
55,0.38751816749572754,0.015000000596046448,0.003595098853111267,0.03907573223114014,0.019999980926513672,0.019999980926513672,0.0040000006556510925,0.039999961853027344,0.011877059936523438,0.0,0.04,0.05199954699992304,True
56,0.38419872522354126,0.015000000596046448,0.003828883171081543,0.019075751304626465,0.019075751304626465,0.019075751304626465,0.004000000189989805,0.0056893229484558105,0.011962056159973145,0.0,0.04,0.055941438999980164,True
57,0.3807414174079895,0.015000000596046448,0.003447294235229492,0.0,0.0,0.0,0.004000000189989805,0.019075751304626465,0.012034416198730469,0.0,0.04,0.051769733000128326,True
58,0.3776310980319977,0.015000000596046448,0.003287270665168762,0.0,0.0,0.0,0.003999999724328518,0.0,0.01180732250213623,0.0,0.04,0.051236792000054265,True
59,0.37440282106399536,0.015000000596046448,0.0033518075942993164,0.0,0.0,0.0,0.003999948501586914,0.0,0.011888742446899414,0.0,0.04,0.05223148499999297,True
60,0.3711620569229126,0.015000000596046448,0.0037190914154052734,0.0,0.0,0.0,0.003999948501586914,0.0,0.011432528495788574,0.0,0.04,0.05917308900006901,True
61,0.3675451874732971,0.015000000596046448,0.003840804100036621,0.0,0.0,0.0,0.002725362777709961,0.0,0.011604547500610352,0.0,0.04,0.056474581999736984,True
62,0.3641335070133209,0.015000000596046448,0.004127144813537598,0.0,0.0,0.0,0.0024356842041015625,0.0,0.011638879776000977,0.0,0.04,0.05473269399999481,True
63,0.36073175072669983,0.015000000596046448,0.0032938718795776367,0.0,0.0,0.0,0.003999948501586914,0.0,0.011751055717468262,0.0,0.04,0.052591925999877276,True
64,0.35746702551841736,0.015000000596046448,0.003464341163635254,0.0,0.0,0.0,0.0033665895462036133,0.0,0.011546969413757324,0.0,0.04,0.055045194000285846,True
65,0.35400593280792236,0.015000000596046448,0.0034592151641845703,0.0,0.0,0.0,0.0027860403060913086,0.0,0.011557579040527344,0.0,0.04,0.05594702899998083,True
66,0.3505549430847168,0.015000000596046448,0.0034791231155395508,0.0,0.0,0.0,0.001165628433227539,0.0,0.011532783508300781,0.0,0.04,0.05595816599998216,True
67,0.34708309173583984,0.015000000596046448,0.003468632698059082,0.0,0.0,0.0,0.0007569789886474609,0.0,0.011537671089172363,0.0,0.04,0.05506895799999256,True
68,0.3436164855957031,0.015000000596046448,0.003256082534790039,0.0,0.0,0.0,0.0006183385848999023,0.0,0.011746525764465332,0.0,0.04,0.05287332999978389,True
69,0.34036195278167725,0.015000000596046448,0.003246784210205078,0.0,0.0,0.0,0.00045287609100341797,0.0,0.011757493019104004,0.0,0.04,0.05105203299990535,True
70,0.33711761236190796,0.015000000596046448,0.0032252073287963867,0.0,0.0,0.0,0.0003609657287597656,0.0,0.01177668571472168,0.0,0.04,0.051591812999959075,True
71,0.3338930904865265,0.015000000596046448,0.003449559211730957,0.0,0.0,0.0,0.00028824806213378906,0.0,0.0115509033203125,0.0,0.04,0.05575791699993715,True
72,0.3304438292980194,0.015000000596046448,0.0031512975692749023,0.0,0.0,0.0,0.0002454519271850586,0.0,0.011850118637084961,0.0,0.04,0.05209818699995594,True
73,0.3272932767868042,0.015000000596046448,0.003457307815551758,0.0,0.0,0.0,0.0009437799453735352,0.0,0.011542901396751404,0.0,0.04,0.05514338400007546,True
74,0.0699162632226944,0.015000000596046448,0.003253072500228882,0.02615201473236084,0.019999980926513672,0.019999980926513672,0.004000000189989805,0.019999980926513672,0.011746928095817566,0.0,0.04,0.0516333539999323,True
75,0.10215367376804352,0.015000000596046448,0.0033974498510360718,0.004570484161376953,0.004570484161376953,0.004570484161376953,0.004000000189989805,0.015429496765136719,0.012354135513305664,0.0,0.04,0.05551833700019415,True
76,0.18196073174476624,0.015000015497207642,0.0034686923027038574,0.022761881351470947,0.019999980926513672,0.019999980926513672,0.004000000189989805,0.015429496765136719,0.012317061424255371,0.0,0.04,0.06624992400020346,True
77,0.2433430254459381,0.014999985694885254,0.004830837249755859,0.0229722261428833,0.019999980926513672,0.019999980926513672,0.004000000189989805,0.039999961853027344,0.012650012969970703,0.0,0.04,0.04898188200013465,True
78,0.3193604350090027,0.014999985694885254,0.004413008689880371,0.017322838306427002,0.017322838306427002,0.017322838306427002,0.003999993205070496,0.037322819232940674,0.012314319610595703,0.0,0.04,0.05183941799987224,True
79,0.34136539697647095,0.015000000596046448,0.003951549530029297,0.04191023111343384,0.019999980926513672,0.019999980926513672,0.004000000189989805,0.037322819232940674,0.011443644762039185,0.0,0.04,0.059582319999663014,True
80,0.33764001727104187,0.014999985694885254,0.003568410873413086,0.021910250186920166,0.019999980926513672,0.019999980926513672,0.003999999724328518,0.0015969276428222656,0.012147665023803711,0.0,0.04,0.05200859200022023,True
81,0.3344014286994934,0.014999985694885254,0.0035532861948013306,0.0019102692604064941,0.0019102692604064941,0.0019102692604064941,0.003999999724328518,0.018089711666107178,0.011955022811889648,0.0,0.04,0.05154314699984752,True
82,0.33120933175086975,0.015000000596046448,0.0035796165466308594,0.0,0.0,0.0,0.003999948501586914,0.0019102692604064941,0.011541932821273804,0.0,0.04,0.055220730000201,True
83,0.3276500403881073,0.015000015497207642,0.0034612417221069336,0.0,0.0,0.0,0.003999948501586914,0.0,0.011755943298339844,0.0,0.04,0.05580984000016542,True
84,0.3242878019809723,0.014999985694885254,0.0032955408096313477,0.0,0.0,0.0,0.003999948501586914,0.0,0.011827468872070312,0.0,0.04,0.05234203300005902,True
85,0.3210752606391907,0.014999985694885254,0.003532975912094116,0.0,0.0,0.0,0.0027600526809692383,0.0,0.011512964963912964,0.0,0.04,0.05500271300024906,True
86,0.31754228472709656,0.014999985694885254,0.003298640251159668,0.0,0.0,0.0,0.003438711166381836,0.0,0.011802196502685547,0.0,0.04,0.051550610000049346,True
87,0.3143235146999359,0.014999985694885254,0.0032012462615966797,0.0,0.0,0.0,0.003298640251159668,0.0,0.011843085289001465,0.0,0.04,0.05222952200028885,True
88,0.3111511468887329,0.014999985694885254,0.003247857093811035,0.0,0.0,0.0,0.0018339157104492188,0.0,0.01176595687866211,0.0,0.04,0.052120502999969176,True
89,0.30790355801582336,0.014999985694885254,0.0032010674476623535,0.0,0.0,0.0,0.0009016990661621094,0.0,0.011808276176452637,0.0,0.04,0.05126685400000497,True
90,0.3047073185443878,0.014999985694885254,0.0034142732620239258,0.0,0.0,0.0,0.0006500482559204102,0.0,0.011599540710449219,0.0,0.04,0.055611869000131264,True
91,0.3013019263744354,0.014999985694885254,0.0031752586364746094,0.0,0.0,0.0,0.0005513429641723633,0.0,0.011829107999801636,0.0,0.04,0.052145390000077896,True
92,0.29812726378440857,0.014999985694885254,0.003456205129623413,0.0,0.0,0.0,0.00040459632873535156,0.0,0.011546134948730469,0.0,0.04,0.055115813999691454,True
93,0.29467275738716125,0.014999985694885254,0.0034635066986083984,0.0,0.0,0.0,0.00034487247467041016,0.0,0.01154029369354248,0.0,0.04,0.05601484299995718,True
94,0.29121169447898865,0.014999985694885254,0.0031586885452270508,0.0,0.0,0.0,0.00027048587799072266,0.0,0.011842846870422363,0.0,0.04,0.05229386799965141,True
95,0.28805339336395264,0.014999985694885254,0.003238588571548462,0.0,0.0,0.0,0.00019872188568115234,0.0,0.011762142181396484,0.0,0.04,0.051553865000187216,True
96,0.28481537103652954,0.014999985694885254,0.0034682750701904297,0.0,0.0,0.0,0.00015842914581298828,0.0,0.011532783508300781,0.0,0.04,0.055903870000292955,True
97,0.08556309342384338,0.014999985694885254,0.0031452178955078125,0.026782512664794922,0.019999980926513672,0.019999980926513672,0.0040000081062316895,0.019999980926513672,0.011854767799377441,0.0,0.04,0.05075977199976478,True
98,0.11316758394241333,0.014999985694885254,0.003428429365158081,0.010972559452056885,0.010972559452056885,0.010972559452056885,0.0040000081062316895,0.009027421474456787,0.011571556329727173,0.0,0.04,0.05781369899978017,True
99,0.20183101296424866,0.014999985694885254,0.004414349794387817,0.008265912532806396,0.008265912532806396,0.008265912532806396,0.0040000081062316895,0.0027066469192504883,0.010868430137634277,0.0,0.04,0.0700279830002728,True
100,0.25597280263900757,0.014999985694885254,0.0031212568283081055,0.02302265167236328,0.019999980926513672,0.019999980926513672,0.0040000081062316895,0.02826589345932007,0.012508630752563477,0.0,0.04,0.05075436500010255,True
101,0.305239737033844,0.014999985694885254,0.004197359085083008,0.022930562496185303,0.019999980926513672,0.019999980926513672,0.0040000081062316895,0.039999961853027344,0.012007176876068115,0.0,0.04,0.04685770500009312,True
102,0.31430917978286743,0.014999985694885254,0.003606081008911133,0.05172610282897949,0.019999980926513672,0.019999980926513672,0.0040000081062316895,0.039999961853027344,0.012032300233840942,0.0,0.04,0.05217312700006005,True
103,0.3108297288417816,0.014999985694885254,0.0034048259258270264,0.03172612190246582,0.019999980926513672,0.019999980926513672,0.0040000006556510925,0.006941854953765869,0.012108802795410156,0.0,0.04,0.051841205999608064,True
104,0.3077101707458496,0.014999985694885254,0.003745734691619873,0.011726140975952148,0.011726140975952148,0.011726140975952148,0.003999999724328518,0.008273839950561523,0.011648625135421753,0.0,0.04,0.05551783400005661,True
105,0.3043588101863861,0.014999985694885254,0.0032353103160858154,0.0,0.0,0.0,0.0040000006556510925,0.011726140975952148,0.011929482221603394,0.0,0.04,0.051872796999759885,True
106,0.3011234998703003,0.014999985694885254,0.00322568416595459,0.0,0.0,0.0,0.003999948501586914,0.0,0.011933565139770508,0.0,0.04,0.05166463199975624,True
107,0.29798340797424316,0.014999985694885254,0.003301292657852173,0.0,0.0,0.0,0.003999948501586914,0.0,0.011798590421676636,0.0,0.04,0.05159540999966339,True
108,0.29478201270103455,0.014999985694885254,0.0034214258193969727,0.0,0.0,0.0,0.002929091453552246,0.0,0.011636912822723389,0.0,0.04,0.05600468600005115,True
109,0.2913666069507599,0.014999985694885254,0.004055619239807129,0.0,0.0,0.0,0.0027856826782226562,0.0,0.01158452033996582,0.0,0.04,0.05547483300006206,True
110,0.28794175386428833,0.014999985694885254,0.0033636093139648438,0.0,0.0,0.0,0.003220200538635254,0.0,0.011816829442977905,0.0,0.04,0.052341317999889725,True
111,0.284758597612381,0.014999985694885254,0.003225654363632202,0.0,0.0,0.0,0.0033636093139648438,0.0,0.01179245114326477,0.0,0.04,0.05198105699992084,True
112,0.2815329432487488,0.014999985694885254,0.003467857837677002,0.0,0.0,0.0,0.002680182456970215,0.0,0.0115433931350708,0.0,0.04,0.0548660250001376,True
113,0.2780739665031433,0.014999985694885254,0.003159046173095703,0.0,0.0,0.0,0.001576066017150879,0.0,0.011847883462905884,0.0,0.04,0.05229625499987378,True
114,0.27492186427116394,0.014999985694885254,0.003176063299179077,0.0,0.0,0.0,0.0008660554885864258,0.0,0.011829793453216553,0.0,0.04,0.05086594700014757,True
115,0.27174580097198486,0.014999985694885254,0.0034734010696411133,0.0,0.0,0.0,0.0031739473342895508,0.0,0.011529326438903809,0.0,0.04,0.055682356000033906,True
116,0.2682751417160034,0.014999985694885254,0.003110647201538086,0.0,0.0,0.0,0.003457784652709961,0.0,0.011890441179275513,0.0,0.04,0.05201679599986164,True
117,0.2651655972003937,0.014999985694885254,0.003401249647140503,0.0,0.0,0.0,0.0025888681411743164,0.0,0.011600375175476074,0.0,0.04,0.05548357499992562,True
118,0.2617643475532532,0.014999985694885254,0.0034525692462921143,0.0,0.0,0.0,0.0013450384140014648,0.0,0.011548429727554321,0.0,0.04,0.05528440300031434,True
119,0.25831279158592224,0.014999985694885254,0.003181636333465576,0.0,0.0,0.0,0.0009466409683227539,0.0,0.01181843876838684,0.0,0.04,0.0525118359996668,True
120,0.25513124465942383,0.014999985694885254,0.003239929676055908,0.0,0.0,0.0,0.0006917715072631836,0.0,0.0117606520652771,0.0,0.04,0.05124106399989614,True
121,0.10847914218902588,0.014999985694885254,0.003491520881652832,0.04371976852416992,0.019999980926513672,0.019999980926513672,0.0040000081062316895,0.019999980926513672,0.011508464813232422,0.0,0.04,0.05843518099982248,True
122,0.12573128938674927,0.014999985694885254,0.003155261278152466,0.006077826023101807,0.006077826023101807,0.006077826023101807,0.0040000081062316895,0.013922154903411865,0.011844724416732788,0.0,0.04,0.05011722400013241,True
123,0.19867393374443054,0.014999985694885254,0.0036742687225341797,0.016458988189697266,0.016458988189697266,0.016458988189697266,0.0040000081062316895,0.013246357440948486,0.011325716972351074,0.0,0.04,0.05993704299999081,True
124,0.23884347081184387,0.014999985694885254,0.0034362971782684326,0.03367346525192261,0.019999980926513672,0.019999980926513672,0.0040000081062316895,0.03645896911621094,0.011935114860534668,0.0,0.04,0.05464145899986761,True
125,0.2845832109451294,0.014999985694885254,0.00352632999420166,0.0024747848510742188,0.0024747848510742188,0.0024747848510742188,0.0040000081062316895,0.02247476577758789,0.011892765760421753,0.0,0.04,0.050779993000105605,True
126,0.299670547246933,0.014999985694885254,0.0041217803955078125,0.07885795831680298,0.019999980926513672,0.019999980926513672,0.0040000081062316895,0.02247476577758789,0.011683940887451172,0.0,0.04,0.05559431899973788,True
127,0.29613742232322693,0.014999985694885254,0.0037412643432617188,0.05885797739028931,0.019999980926513672,0.019999980926513672,0.003999948501586914,0.0018638968467712402,0.011705994606018066,0.0,0.04,0.05580036099991048,True
128,0.292692631483078,0.014999985694885254,0.0037433505058288574,0.038857996463775635,0.019999980926513672,0.019999980926513672,0.003999948501586914,0.0,0.011610656976699829,0.0,0.04,0.05533010399994964,True
129,0.2893033027648926,0.014999985694885254,0.003390192985534668,0.018858015537261963,0.018858015537261963,0.018858015537261963,0.003999948501586914,0.001141965389251709,0.011900991201400757,0.0,0.04,0.052394341000308486,True
130,0.2860616147518158,0.014999985694885254,0.003365755081176758,0.0,0.0,0.0,0.003999948501586914,0.018858015537261963,0.011714637279510498,0.0,0.04,0.05209053099997618,True
131,0.28277626633644104,0.014999985694885254,0.0033167600631713867,0.0,0.0,0.0,0.003999948501586914,0.0,0.012012720108032227,0.0,0.04,0.05166172100007316,True
132,0.2795529365539551,0.014999985694885254,0.0035616159439086914,0.0,0.0,0.0,0.0029081106185913086,0.0,0.011877834796905518,0.0,0.04,0.051762595000127476,True
133,0.2763853669166565,0.014999985694885254,0.004080653190612793,0.0,0.0,0.0,0.0035616159439086914,0.0,0.011539846658706665,0.0,0.04,0.05473954299986872,True
134,0.2729252278804779,0.014999985694885254,0.003193795680999756,0.0,0.0,0.0,0.003999948501586914,0.0,0.011827141046524048,0.0,0.04,0.05258017899996048,True
135,0.2697523832321167,0.014999985694885254,0.003451138734817505,0.0,0.0,0.0,0.0030837059020996094,0.0,0.011561810970306396,0.0,0.04,0.054855004000273766,True
136,0.2663012444972992,0.014999985694885254,0.003507852554321289,0.0,0.0,0.0,0.002514362335205078,0.0,0.01150047779083252,0.0,0.04,0.05582426199998736,True
137,0.26280173659324646,0.014999985694885254,0.003409445285797119,0.0,0.0,0.0,0.0011748075485229492,0.0,0.011594504117965698,0.0,0.04,0.055540781000217976,True
138,0.2593962550163269,0.014999985694885254,0.003238886594772339,0.0,0.0,0.0,0.0008269548416137695,0.0,0.01176518201828003,0.0,0.04,0.05214929299972937,True
139,0.25615736842155457,0.014999985694885254,0.003490924835205078,0.0,0.0,0.0,0.0006234645843505859,0.0,0.011511921882629395,0.0,0.04,0.056185112000093795,True
140,0.2526693046092987,0.014999985694885254,0.0031755566596984863,0.0,0.0,0.0,0.0005321502685546875,0.0,0.011825263500213623,0.0,0.04,0.052077813999858336,True
141,0.24949458241462708,0.014999985694885254,0.0031665265560150146,0.0,0.0,0.0,0.0003910064697265625,0.0,0.01183462142944336,0.0,0.04,0.05131131500002084,True
142,0.24632805585861206,0.014999985694885254,0.0035046041011810303,0.0,0.0,0.0,0.00031185150146484375,0.0,0.011496126651763916,0.0,0.04,0.055264066999825445,True
143,0.24282419681549072,0.014999985694885254,0.0033575594425201416,0.0,0.0,0.0,0.00026595592498779297,0.0,0.011642545461654663,0.0,0.04,0.056197587000042404,True
144,0.23946675658226013,0.014999985694885254,0.0031599700450897217,0.0,0.0,0.0,0.0002084970474243164,0.0,0.011840283870697021,0.0,0.04,0.052082842999880086,True
145,0.10512548685073853,0.014999985694885254,0.003502398729324341,0.08209222555160522,0.019999980926513672,0.019999980926513672,0.0040000081062316895,0.019999980926513672,0.011497586965560913,0.0,0.04,0.05498047899982339,True
146,0.11408975720405579,0.014999985694885254,0.0039033889770507812,0.039707183837890625,0.019999980926513672,0.019999980926513672,0.0040000081062316895,0.0068122148513793945,0.011096596717834473,0.0,0.04,0.06362637799975346,True
147,0.1828794777393341,0.014999985694885254,0.0036176741123199463,0.03388601541519165,0.019999980926513672,0.019999980926513672,0.0040000081062316895,0.008783876895904541,0.011382311582565308,0.0,0.04,0.05943418800006839,True
148,0.2090422511100769,0.014999985694885254,0.003543287515640259,0.012528717517852783,0.012528717517852783,0.012528717517852783,0.0040000006556510925,0.032528698444366455,0.011920571327209473,0.0,0.04,0.05448320799996509,True
149,0.25873324275016785,0.014999985694885254,0.0039893388748168945,0.0005556941032409668,0.0005556941032409668,0.0005556941032409668,0.0040000081062316895,0.01308441162109375,0.011417776346206665,0.0,0.04,0.055579895000391843,True
150,0.2647700011730194,0.015000015497207642,0.004101753234863281,0.09933489561080933,0.019999980926513672,0.019999980926513672,0.0040000081062316895,0.02055567502975464,0.011587917804718018,0.0,0.04,0.055429715999707696,True
151,0.2613126337528229,0.015000015497207642,0.003443688154220581,0.07933491468429565,0.019999980926513672,0.019999980926513672,0.004000000189989805,0.0039438605308532715,0.011911749839782715,0.0,0.04,0.052273898999828816,True
152,0.2580709159374237,0.015000015497207642,0.00409245491027832,0.05933493375778198,0.019999980926513672,0.019999980926513672,0.003999948501586914,0.0,0.011243104934692383,0.0,0.04,0.05918018600004871,True
153,0.25431400537490845,0.014999985694885254,0.0033245086669921875,0.03933495283126831,0.019999980926513672,0.019999980926513672,0.003999948501586914,0.0,0.011887967586517334,0.0,0.04,0.05184556699987297,True
154,0.2511364817619324,0.014999985694885254,0.0034818053245544434,0.01933497190475464,0.01933497190475464,0.01933497190475464,0.003999948501586914,0.0006650090217590332,0.011644601821899414,0.0,0.04,0.056871572000090964,True
155,0.24771517515182495,0.014999985694885254,0.0033708512783050537,0.0,0.0,0.0,0.003999948501586914,0.01933497190475464,0.011704564094543457,0.0,0.04,0.05074739200017575,True
156,0.24441975355148315,0.014999985694885254,0.003443598747253418,0.0,0.0,0.0,0.002751946449279785,0.0,0.011639028787612915,0.0,0.04,0.05536443600021812,True
157,0.24102884531021118,0.014999985694885254,0.004088997840881348,0.0,0.0,0.0,0.00344085693359375,0.0,0.011555075645446777,0.0,0.04,0.055463180000060675,True
158,0.23756420612335205,0.014999985694885254,0.0034884214401245117,0.0,0.0,0.0,0.003999948501586914,0.0,0.011526107788085938,0.0,0.04,0.05612289000009696,True
159,0.23409032821655273,0.014999985694885254,0.0032349824905395508,0.0,0.0,0.0,0.003571152687072754,0.0,0.011783719062805176,0.0,0.04,0.05226362999974299,True
160,0.23086273670196533,0.014999985694885254,0.003271341323852539,0.0,0.0,0.0,0.0022187232971191406,0.0,0.01174020767211914,0.0,0.04,0.05166038600009415,True
161,0.2275974154472351,0.014999985694885254,0.003241300582885742,0.0,0.0,0.0,0.0010464191436767578,0.0,0.011763155460357666,0.0,0.04,0.051844046000042,True
162,0.22436058521270752,0.014999985694885254,0.003165721893310547,0.0,0.0,0.0,0.0007132291793823242,0.0,0.011839300394058228,0.0,0.04,0.05154039199987892,True
163,0.22119659185409546,0.014999985694885254,0.0034596621990203857,0.0,0.0,0.0,0.0005853176116943359,0.0,0.011542558670043945,0.0,0.04,0.05491820199995345,True
164,0.21773797273635864,0.014999985694885254,0.0032063722610473633,0.0,0.0,0.0,0.0034596621990203857,0.0,0.011794805526733398,0.0,0.04,0.052041092999843386,True
165,0.2145327925682068,0.014999985694885254,0.00341033935546875,0.0,0.0,0.0,0.003125220537185669,0.0,0.011590003967285156,0.0,0.04,0.054525093999927776,True
166,0.2111228108406067,0.014999985694885254,0.0032009482383728027,0.0,0.0,0.0,0.0025878846645355225,0.0,0.011799454689025879,0.0,0.04,0.05209347800018804,True
167,0.2079218626022339,0.014999985694885254,0.003157496452331543,0.0,0.0,0.0,0.0011603832244873047,0.0,0.011842966079711914,0.0,0.04,0.051851875000011205,True
168,0.20476484298706055,0.014999985694885254,0.0034636855125427246,0.0,0.0,0.0,0.003157496452331543,0.0,0.01153630018234253,0.0,0.04,0.05498180099993988,True
169,0.20130115747451782,0.014999985694885254,0.0034308433532714844,0.0,0.0,0.0,0.0034574270248413086,0.0,0.01156914234161377,0.0,0.04,0.05623194700001477,True
170,0.11009275913238525,0.014999985694885254,0.0034185051918029785,0.10719287395477295,0.019999980926513672,0.019999980926513672,0.0040000081062316895,0.019999980926513672,0.011581480503082275,0.0,0.04,0.055270837000080064,True
171,0.08801227807998657,0.014999985694885254,0.0035210251808166504,0.05170178413391113,0.019999980926513672,0.019999980926513672,0.0040000081062316895,0.007099568843841553,0.0122908353805542,0.0,0.04,0.055595509000340826,True
172,0.13995027542114258,0.014999985694885254,0.0045490264892578125,0.041602492332458496,0.019999980926513672,0.019999980926513672,0.0040000081062316895,0.01158297061920166,0.011527836322784424,0.0,0.04,0.05614148499989824,True
173,0.15351295471191406,0.014999985694885254,0.0031867027282714844,0.025028109550476074,0.019999980926513672,0.019999980926513672,0.004000000189989805,0.039999961853027344,0.01225900650024414,0.0,0.04,0.051426835999791365,True
174,0.19817811250686646,0.014999985694885254,0.0036602020263671875,0.004006326198577881,0.004006326198577881,0.004006326198577881,0.0040000081062316895,0.01599365472793579,0.011728405952453613,0.0,0.04,0.051490640999872994,True
175,0.20125281810760498,0.014999985694885254,0.003505408763885498,0.13667607307434082,0.019999980926513672,0.019999980926513672,0.0040000081062316895,0.01599365472793579,0.011494576930999756,0.0,0.04,0.05521191900015765,True
176,0.19774740934371948,0.014999985694885254,0.0031561851501464844,0.11667609214782715,0.019999980926513672,0.019999980926513672,0.004000000189989805,0.005711972713470459,0.01184380054473877,0.0,0.04,0.05197902600002635,True
177,0.194591224193573,0.014999985694885254,0.003225564956665039,0.09667611122131348,0.019999980926513672,0.019999980926513672,0.004000037908554077,0.0,0.011774420738220215,0.0,0.04,0.052194300000337535,True
178,0.19136565923690796,0.014999985694885254,0.0032529234886169434,0.0766761302947998,0.019999980926513672,0.019999980926513672,0.004000037908554077,0.0,0.01174706220626831,0.0,0.04,0.05108409500007838,True
179,0.18811273574829102,0.014999985694885254,0.0033017992973327637,0.05667614936828613,0.019999980926513672,0.019999980926513672,0.003999948501586914,0.0,0.011855721473693848,0.0,0.04,0.05176526899958844,True
180,0.1849684715270996,0.014999985694885254,0.00371628999710083,0.03667616844177246,0.019999980926513672,0.019999980926513672,0.003999948501586914,0.0,0.011829793453216553,0.0,0.04,0.05162086200016347,True
181,0.1817982792854309,0.014999985694885254,0.003358900547027588,0.01667618751525879,0.01667618751525879,0.01667618751525879,0.003019094467163086,0.003323793411254883,0.011791706085205078,0.0,0.04,0.0515619070001776,True
182,0.17858999967575073,0.014999985694885254,0.003815770149230957,0.0,0.0,0.0,0.0032149553298950195,0.01667618751525879,0.011810660362243652,0.0,0.04,0.05237319300022136,True
183,0.17540067434310913,0.014999985694885254,0.0036823153495788574,0.0,0.0,0.0,0.003815770149230957,0.0,0.011317670345306396,0.0,0.04,0.059024824000061926,True
184,0.17171835899353027,0.014999985694885254,0.003374457359313965,0.0,0.0,0.0,0.003307342529296875,0.0,0.011625528335571289,0.0,0.04,0.05560383399961211,True
185,0.1683439016342163,0.014999985694885254,0.0034298300743103027,0.0,0.0,0.0,0.0015559196472167969,0.0,0.011570155620574951,0.0,0.04,0.055752706000021135,True
186,0.164914071559906,0.014999985694885254,0.0033179521560668945,0.0,0.0,0.0,0.00097733736038208,0.0,0.01168203353881836,0.0,0.04,0.05161136200013061,True
187,0.1615961194038391,0.014999985694885254,0.00320589542388916,0.0,0.0,0.0,0.000712275505065918,0.0,0.011794090270996094,0.0,0.04,0.052912237999862555,True
188,0.15839022397994995,0.014999985694885254,0.0034587979316711426,0.0,0.0,0.0,0.0005685687065124512,0.0,0.011541187763214111,0.0,0.04,0.05463564000001497,True
189,0.1549314260482788,0.014999985694885254,0.0029178261756896973,0.0,0.0,0.0,0.0004845857620239258,0.0,0.012082159519195557,0.0,0.04,0.04815106900014143,True
190,0.1520135998725891,0.014999985694885254,0.00323486328125,0.0,0.0,0.0,0.0003312826156616211,0.0,0.011765122413635254,0.0,0.04,0.05169284199973845,True
191,0.1487787365913391,0.014999985694885254,0.0032460689544677734,0.0,0.0,0.0,0.00028896331787109375,0.0,0.01175391674041748,0.0,0.04,0.051978944999973464,True
192,0.14553266763687134,0.014999985694885254,0.003324151039123535,0.0,0.0,0.0,0.00023061037063598633,0.0,0.011675834655761719,0.0,0.04,0.0551323110003068,True
193,0.0811457633972168,0.014999985694885254,0.003422260284423828,0.1734718680381775,0.019999980926513672,0.019999980926513672,0.0040000081062316895,0.019999980926513672,0.011577725410461426,0.0,0.04,0.05567587299992738,True
194,0.08306300640106201,0.014999985694885254,0.00366896390914917,0.09315723180770874,0.019999980926513672,0.019999980926513672,0.0040000081062316895,0.006630063056945801,0.011331021785736084,0.0,0.04,0.0596055430000888,True
195,0.10407263040542603,0.014999985694885254,0.0034113526344299316,0.06355148553848267,0.019999980926513672,0.019999980926513672,0.0040000081062316895,0.009989798069000244,0.011588633060455322,0.0,0.04,0.055593764999684936,True
196,0.09956121444702148,0.014999985694885254,0.0036916136741638184,0.02904754877090454,0.019999980926513672,0.019999980926513672,0.0040000081062316895,0.039999961853027344,0.01176762580871582,0.0,0.04,0.059814860000187764,True
197,0.13566917181015015,0.014999985694885254,0.00372314453125,0.04388558864593506,0.019999980926513672,0.019999980926513672,0.0040000081062316895,0.004915356636047363,0.011731207370758057,0.0,0.04,0.05041428000004089,True
198,0.13786500692367554,0.014999985694885254,0.003929615020751953,0.18409597873687744,0.019999980926513672,0.019999980926513672,0.0040000081062316895,0.004724442958831787,0.01178508996963501,0.0,0.04,0.05210534300022118,True
199,0.1346501111984253,0.014999985694885254,0.0032837986946105957,0.16409599781036377,0.019999980926513672,0.019999980926513672,0.0040000081062316895,0.00354844331741333,0.011716187000274658,0.0,0.04,0.050698377000117034,True
200,0.1313663125038147,0.014999985694885254,0.003452777862548828,0.1440960168838501,0.019999980926513672,0.019999980926513672,0.0040000081062316895,0.0,0.011547207832336426,0.0,0.04,0.056646747999820946,True
201,0.12791353464126587,0.014999985694885254,0.0032050013542175293,0.12409603595733643,0.019999980926513672,0.019999980926513672,0.0040000081062316895,0.0,0.011812686920166016,0.0,0.04,0.05110284199963644,True
202,0.12470853328704834,0.014999985694885254,0.003961086273193359,0.10409605503082275,0.019999980926513672,0.019999980926513672,0.003999948501586914,0.0,0.011602699756622314,0.0,0.04,0.05549257900020166,True
203,0.12125837802886963,0.014999985694885254,0.003760039806365967,0.08409607410430908,0.019999980926513672,0.019999980926513672,0.003999948501586914,0.0,0.01175546646118164,0.0,0.04,0.05219240699989314,True
204,0.11801385879516602,0.014999985694885254,0.003506183624267578,0.06409609317779541,0.019999980926513672,0.019999980926513672,0.003999948501586914,0.0,0.011831700801849365,0.0,0.04,0.05159822299992811,True
205,0.11484557390213013,0.014999985694885254,0.0034761428833007812,0.04409611225128174,0.019999980926513672,0.019999980926513672,0.003506183624267578,0.0,0.011527478694915771,0.0,0.04,0.055592748999970354,True
206,0.11137306690216064,0.014999985694885254,0.0034401416778564453,0.024096131324768066,0.019999980926513672,0.019999980926513672,0.0034761428833007812,0.0,0.011559844017028809,0.0,0.04,0.055495388000053936,True
207,0.1079329252243042,0.014999985694885254,0.0031714439392089844,0.0040961503982543945,0.0040961503982543945,0.0040961503982543945,0.0029314756393432617,0.015903830528259277,0.01182854175567627,0.0,0.04,0.05147806600007243,True
208,0.10476148128509521,0.014999985694885254,0.003272533416748047,0.0,0.0,0.0,0.0009157657623291016,0.0040961503982543945,0.011727452278137207,0.0,0.04,0.05238468300012755,True
209,0.10148894786834717,0.014999985694885254,0.003228604793548584,0.0,0.0,0.0,0.0006972551345825195,0.0,0.01177138090133667,0.0,0.04,0.05148972300003152,True
210,0.09826034307479858,0.014999985694885254,0.0031484365463256836,0.0,0.0,0.0,0.0005584955215454102,0.0,0.01185154914855957,0.0,0.04,0.051409612000043126,True
211,0.0951119065284729,0.014999985694885254,0.003182709217071533,0.0,0.0,0.0,0.00044596195220947266,0.0,0.01181727647781372,0.0,0.04,0.052772197000194865,True
212,0.09192919731140137,0.014999985694885254,0.0032022595405578613,0.0,0.0,0.0,0.00035572052001953125,0.0,0.011797726154327393,0.0,0.04,0.05071503899989693,True
213,0.0887269377708435,0.014999985694885254,0.0031895041465759277,0.0,0.0,0.0,0.0002840757369995117,0.0,0.011810481548309326,0.0,0.04,0.05238335000012739,True
214,0.08553743362426758,0.014999985694885254,0.0031676292419433594,0.0,0.0,0.0,0.00022649765014648438,0.0,0.011832356452941895,0.0,0.04,0.05118645699985791,True
215,0.08236980438232422,0.014999985694885254,0.0031629204750061035,0.0,0.0,0.0,0.00018095970153808594,0.0,0.01183706521987915,0.0,0.04,0.05256445199984228,True
216,0.07920688390731812,0.014999985694885254,0.0031624436378479004,0.0,0.0,0.0,0.0001442432403564453,0.0,0.011837542057037354,0.0,0.04,0.05202339100014797,True
217,0.07604444026947021,0.014999985694885254,0.0034303665161132812,0.0,0.0,0.0,0.00011515617370605469,0.0,0.011569619178771973,0.0,0.04,0.05536639900037699,True
218,0.1063847541809082,0.014999985694885254,0.0031309127807617188,0.24292492866516113,0.019999980926513672,0.019999980926513672,0.0040000081062316895,0.019999980926513672,0.011869072914123535,0.0,0.04,0.05095296999979837,True
219,0.09917557239532471,0.010999977588653564,0.0033929944038391113,0.11170482635498047,0.019999980926513672,0.019999980926513672,0.0040000081062316895,0.0022649765014648438,0.007606983184814453,0.0,0.04,0.05606633800016425,True
220,0.0929790735244751,0.014999985694885254,0.002347111701965332,0.03873598575592041,0.019999980926513672,0.019999980926513672,0.0040000081062316895,0.004043102264404297,0.012652873992919922,0.0,0.04,0.055935313000190945,True
221,0.05139648914337158,0.014999985694885254,0.0031026601791381836,0.09976941347122192,0.019999980926513672,0.019999980926513672,0.0040000081062316895,0.039999961853027344,0.012721419334411621,0.0,0.04,0.05106555099973775,True
222,0.045754849910736084,0.014999985694885254,0.004298269748687744,0.16328078508377075,0.019999980926513672,0.019999980926513672,0.0040000081062316895,0.005575001239776611,0.011418581008911133,0.0,0.04,0.05141310999988491,True
223,0.03637492656707764,0.014999985694885254,0.0037728548049926758,0.28874722123146057,0.019999980926513672,0.019999980926513672,0.0040000081062316895,0.00011593103408813477,0.012170255184173584,0.0,0.04,0.051755742999830545,True
224,0.03354519605636597,0.014999985694885254,0.002916872501373291,0.2687472403049469,0.019999980926513672,0.019999980926513672,0.0040000081062316895,0.002742767333984375,0.012083113193511963,0.0,0.04,0.05138225299970145,True
225,0.030628323554992676,0.014999985694885254,0.003473222255706787,0.24874725937843323,0.019999980926513672,0.019999980926513672,0.003999948501586914,0.0,0.011526763439178467,0.0,0.04,0.05213176899997052,True
226,0.02715510129928589,0.014999985694885254,0.003099679946899414,0.22874727845191956,0.02000001072883606,0.02000001072883606,0.003999948501586914,2.9802322387695312e-08,0.01190030574798584,0.0,0.04,0.05197591599971929,True
227,0.024101734161376953,0.014999985694885254,0.0031428933143615723,0.2087472677230835,0.02000001072883606,0.02000001072883606,0.003999948501586914,0.0,0.011933088302612305,0.0,0.04,0.051774812000076054,True
228,0.021034836769104004,0.014999985694885254,0.0036519765853881836,0.18874725699424744,0.02000001072883606,0.02000001072883606,0.003999948501586914,0.0,0.011793017387390137,0.0,0.04,0.05153749600003721,True
229,0.017655789852142334,0.014999985694885254,0.0038595199584960938,0.16874724626541138,0.02000001072883606,0.02000001072883606,0.002706170082092285,0.0,0.011628210544586182,0.0,0.04,0.05488645800005543,True
230,0.014284014701843262,0.014284014701843262,0.003466963768005371,0.14874723553657532,0.02000001072883606,0.02000001072883606,0.0037943124771118164,0.0,0.01089024543762207,0.0,0.04,0.05582658999992418,True
231,0.01089024543762207,0.01089024543762207,0.003054320812225342,0.12874722480773926,0.02000001072883606,0.02000001072883606,0.003466963768005371,0.0,0.007835924625396729,0.0,0.04,0.05254300299975512,True
232,0.007835924625396729,0.007835924625396729,0.0028221607208251953,0.1087472140789032,0.02000001072883606,0.02000001072883606,0.003054320812225342,0.0,0.005013763904571533,0.0,0.04,0.055851159999747324,True
233,0.005013763904571533,0.005013763904571533,0.001592397689819336,0.08874720335006714,0.02000001072883606,0.02000001072883606,0.0028221607208251953,0.0,0.0034213662147521973,0.0,0.04,0.051758071999756794,True
234,0.0034213662147521973,0.0034213662147521973,0.0007420778274536133,0.06874719262123108,0.02000001072883606,0.02000001072883606,0.001592397689819336,0.0,0.002679288387298584,0.0,0.04,0.051312936000158516,True
235,0.002679288387298584,0.002679288387298584,0.0005446076393127441,0.04874718189239502,0.02000001072883606,0.02000001072883606,0.0007420778274536133,0.0,0.00213468074798584,0.0,0.04,0.05103143699989232,True
236,0.00213468074798584,0.00213468074798584,0.00046074390411376953,0.02874717116355896,0.02000001072883606,0.02000001072883606,0.0005446076393127441,0.0,0.0016739368438720703,0.0,0.04,0.057171121000010316,True
237,0.0016739368438720703,0.0016739368438720703,0.000361025333404541,0.0087471604347229,0.0087471604347229,0.0087471604347229,0.00046074390411376953,0.01125285029411316,0.0013129115104675293,0.0,0.04,0.05376246300011189,True
238,0.0013129115104675293,0.0013129115104675293,0.0002651810646057129,0.0,0.0,0.0,0.000361025333404541,0.0087471604347229,0.0010477304458618164,0.0,0.04,0.05249605100016197,True
239,0.0010477304458618164,0.0010477304458618164,0.00021159648895263672,0.0,0.0,0.0,0.0002651810646057129,0.0,0.0008361339569091797,0.0,0.04,0.05129866499964919,True
240,0.0008361339569091797,0.0008361339569091797,0.00016885995864868164,0.0,0.0,0.0,0.00021159648895263672,0.0,0.000667273998260498,0.0,0.04,0.05101332599997477,True
241,0.000667273998260498,0.000667273998260498,0.0001347661018371582,0.0,0.0,0.0,0.00016885995864868164,0.0,0.0005325078964233398,0.0,0.04,0.0527287489999253,True
242,0.08549261093139648,0.0040628910064697266,0.00011920928955078125,0.19521492719650269,0.02000001072883606,0.02000001072883606,0.0040000081062316895,0.02000001072883606,0.00404965877532959,0.0,0.04,0.057729215000108525,True
243,0.05411696434020996,0.00806283950805664,0.0015751123428344727,0.020239293575286865,0.02000001072883606,0.02000001072883606,0.0040000081062316895,0.0017621517181396484,0.006826043128967285,0.0,0.04,0.06097434699995574,True
244,0.04965144395828247,0.012062788009643555,0.002552032470703125,0.10475203394889832,0.02000001072883606,0.02000001072883606,0.0040000081062316895,0.04000002145767212,0.009551048278808594,0.0,0.04,0.051052628999968874,True
245,0.05346435308456421,0.014999985694885254,0.003060579299926758,0.17284175753593445,0.02000001072883606,0.02000001072883606,0.004000000189989805,0.007806599140167236,0.012276768684387207,0.0,0.04,0.051521850999961316,True
246,0.062233924865722656,0.014999985694885254,0.003960967063903809,0.1862296462059021,0.02000001072883606,0.02000001072883606,0.0040000081062316895,0.014245152473449707,0.011138677597045898,0.0,0.04,0.05629074800026501,True
247,0.08159124851226807,0.014999985694885254,0.0040627121925354,0.21902748942375183,0.019999995827674866,0.019999995827674866,0.0040000081062316895,0.009869039058685303,0.011978387832641602,0.0,0.04,0.055072258000109287,True
248,0.0815272331237793,0.014999985694885254,0.003260493278503418,0.19902749359607697,0.019999995827674866,0.019999995827674866,0.004000000189989805,0.0014882683753967285,0.012592315673828125,0.0,0.04,0.05575063300011607,True
249,0.08106637001037598,0.014999985694885254,0.004400849342346191,0.1790274977684021,0.019999995827674866,0.019999995827674866,0.0040000006556510925,0.0,0.011591911315917969,0.0,0.04,0.0516243150000264,True
250,0.07979202270507812,0.014999985694885254,0.0036813020706176758,0.15902750194072723,0.019999995827674866,0.019999995827674866,0.003999948501586914,0.0,0.012061655521392822,0.0,0.04,0.05171122899992042,True
251,0.07733464241027832,0.014999985694885254,0.0037560462951660156,0.13902750611305237,0.019999995827674866,0.019999995827674866,0.003999948501586914,0.0,0.011793434619903564,0.0,0.04,0.05661154599965812,True
252,0.07400166988372803,0.014999985694885254,0.004016757011413574,0.1190275102853775,0.019999995827674866,0.019999995827674866,0.0025147926062345505,0.0,0.011518597602844238,0.0,0.04,0.05505455399998027,True
253,0.06998491287231445,0.014999985694885254,0.0035448074340820312,0.09902751445770264,0.019999995827674866,0.019999995827674866,0.0025784969329833984,0.0,0.011947274208068848,0.0,0.04,0.051604684999801975,True
254,0.06644010543823242,0.014999985694885254,0.003301858901977539,0.07902751863002777,0.019999995827674866,0.019999995827674866,0.002193450927734375,0.0,0.011863112449645996,0.0,0.04,0.051730760000282316,True
255,0.06330323219299316,0.014999985694885254,0.0033627748489379883,0.059027526527643204,0.019999995827674866,0.019999995827674866,0.0007574558258056641,0.0,0.011778116226196289,0.0,0.04,0.05213146999994933,True
256,0.059940457344055176,0.014999985694885254,0.0032396316528320312,0.03902753069996834,0.019999999552965164,0.019999999552965164,0.0011520683765411377,3.725290298461914e-09,0.011836409568786621,0.0,0.04,0.051684589000160486,True
257,0.056700825691223145,0.014999985694885254,0.0034331083297729492,0.019027531147003174,0.019027531147003174,0.019027531147003174,0.0031171441078186035,0.0009724684059619904,0.011616706848144531,0.0,0.04,0.05527765799979534,True
258,0.05331754684448242,0.014999985694885254,0.0032328367233276367,0.0,0.0,0.0,0.003182917833328247,0.019027531147003174,0.011802911758422852,0.0,0.04,0.052138893000119424,True
259,0.050084710121154785,0.014999985694885254,0.0034290552139282227,0.0,0.0,0.0,0.002082347869873047,0.0,0.011587679386138916,0.0,0.04,0.05571598100004849,True
260,0.04665565490722656,0.014999985694885254,0.0032118558883666992,0.0,0.0,0.0,0.0034172534942626953,0.0,0.01179647445678711,0.0,0.04,0.05192736200024228,True
261,0.04345214366912842,0.014999985694885254,0.0034193992614746094,0.0,0.0,0.0,0.0029349327087402344,0.0,0.01159048080444336,0.0,0.04,0.056167507999816735,True
262,0.04003274440765381,0.014999985694885254,0.003217339515686035,0.0,0.0,0.0,0.0020837783813476562,0.0,0.011782646179199219,0.0,0.04,0.05126334399983534,True
263,0.03681540489196777,0.014999985694885254,0.003203153610229492,0.0,0.0,0.0,0.0032140612602233887,0.0,0.011796832084655762,0.0,0.04,0.05221667400019214,True
264,0.03361225128173828,0.014999985694885254,0.0032300949096679688,0.0,0.0,0.0,0.003100275993347168,0.0,0.011769890785217285,0.0,0.04,0.05158729799995854,True
265,0.06298840045928955,0.01100003719329834,0.0034017562866210938,0.09782677888870239,0.019999999552965164,0.019999999552965164,0.0040000081062316895,0.019999999552965164,0.007598280906677246,0.0,0.04,0.055333439000150975,True
266,0.04870462417602539,0.008232951164245605,0.002505660057067871,0.012777909636497498,0.012777913361787796,0.012777913361787796,0.0040000081062316895,0.03277791291475296,0.007291674613952637,0.0,0.04,0.05511413099975471,True
267,0.035209327936172485,0.01223289966583252,0.0025474121794104576,0.04167679324746132,0.019999999552965164,0.019999999552965164,0.0040000081062316895,0.014140844345092773,0.010244607925415039,0.0,0.04,0.0517114969998147,True
268,0.053818345069885254,0.014999985694885254,0.0029283761978149414,0.022607125341892242,0.019999999552965164,0.019999999552965164,0.0040000081062316895,0.01729893684387207,0.013409852981567383,0.0,0.04,0.051642652999817074,True
269,0.10125458240509033,0.014999985694885254,0.003746509552001953,0.006064805202186108,0.006064806133508682,0.006064806133508682,0.0040000081062316895,0.026064805686473846,0.011481910943984985,0.0,0.04,0.04850565900005677,True
270,0.11261141300201416,0.014999985694885254,0.003563404083251953,0.00867193192243576,0.00867193192243576,0.00867193192243576,0.004000000189989805,0.014736738055944443,0.01210629940032959,0.0,0.04,0.051044602999809285,True
271,0.10904800891876221,0.014999985694885254,0.004201650619506836,0.0,0.0,0.0,0.004000000189989805,0.00867193192243576,0.011979103088378906,0.0,0.04,0.05564746900017781,True
272,0.10602712631225586,0.014999985694885254,0.003680109977722168,0.0,0.0,0.0,0.004000000189989805,0.0,0.011908084154129028,0.0,0.04,0.05147962000000916,True
273,0.1026608943939209,0.014999985694885254,0.003268599510192871,0.0,0.0,0.0,0.003999948501586914,0.0,0.011892080307006836,0.0,0.04,0.05141902100012885,True
274,0.09939229488372803,0.014999985694885254,0.0035818815231323242,0.0,0.0,0.0,0.0011850097216665745,0.0,0.011847496032714844,0.0,0.04,0.05197179700007837,True
275,0.09623980522155762,0.014999985694885254,0.00402379035949707,0.0,0.0,0.0,0.002258890774101019,0.0,0.011648297309875488,0.0,0.04,0.0559712699996453,True
276,0.09277105331420898,0.014999985694885254,0.0032094717025756836,0.0,0.0,0.0,0.0024314704351127148,0.0,0.011828303337097168,0.0,0.04,0.051674456000000646,True
277,0.08956718444824219,0.014999985694885254,0.0035761594772338867,0.0,0.0,0.0,0.0012080483138561249,0.0,0.011549234390258789,0.0,0.04,0.055481456000052276,True
278,0.08611643314361572,0.014999985694885254,0.0033649206161499023,0.0,0.0,0.0,0.0002684593200683594,0.0,0.011802911758422852,0.0,0.04,0.051925977999871975,True
279,0.082877516746521,0.014999985694885254,0.0032066404819488525,0.0,0.0,0.0,0.00019252300262451172,0.0,0.011812210083007812,0.0,0.04,0.051358457000333146,True
280,0.07967662811279297,0.014999985694885254,0.0032699108123779297,0.0,0.0,0.0,0.00015342235565185547,0.0,0.01176154613494873,0.0,0.04,0.0524827419999383,True
281,0.07643818855285645,0.014999985694885254,0.003438115119934082,0.0,0.0,0.0,0.0024999380111694336,0.0,0.011603593826293945,0.0,0.04,0.05565547800006243,True
282,0.0730290412902832,0.014999985694885254,0.003407210111618042,0.0,0.0,0.0,0.003438115119934082,0.0,0.011597990989685059,0.0,0.04,0.05555829100012488,True
283,0.06962525844573975,0.014999985694885254,0.0034345686435699463,0.0,0.0,0.0,0.0028352737426757812,0.0,0.011570096015930176,0.0,0.04,0.055098519999774,True
284,0.06619536876678467,0.014999985694885254,0.0032243728637695312,0.0,0.0,0.0,0.0015864372253417969,0.0,0.01177966594696045,0.0,0.04,0.052330944999994244,True
285,0.06297099590301514,0.014999985694885254,0.0032181739807128906,0.0,0.0,0.0,0.000947117805480957,0.0,0.0117836594581604,0.0,0.04,0.052038061000075686,True
286,0.059754133224487305,0.014999985694885254,0.002973884344100952,0.0,0.0,0.0,0.0007458925247192383,0.0,0.012027382850646973,0.0,0.04,0.047305373000199324,True
287,0.05678153038024902,0.014999985694885254,0.003199934959411621,0.0,0.0,0.0,0.0006327629089355469,0.0,0.011800050735473633,0.0,0.04,0.052189205000104266,True
288,0.07380139827728271,0.01100003719329834,0.0038667917251586914,0.030636589974164963,0.019999999552965164,0.019999999552965164,0.0040000081062316895,0.019999999552965164,0.007133305072784424,0.0,0.04,0.06377875899988794,True
289,0.062296509742736816,0.008048176765441895,0.002065718173980713,0.018356801941990852,0.018356803804636,0.018356803804636,0.0040000081062316895,0.038356803357601166,0.006995201110839844,0.0,0.04,0.05065173599996342,True
290,0.04550611972808838,0.012048125267028809,0.002839528489857912,0.007938921451568604,0.007938921451568604,0.007938921451568604,0.0040000081062316895,0.02342008426785469,0.010214924812316895,0.0,0.04,0.05570363400011047,True
291,0.06689131259918213,0.014999985694885254,0.0034313201904296875,0.0067064762115478516,0.0067064762115478516,0.0067064762115478516,0.0040000081062316895,0.01176975667476654,0.012507915496826172,0.0,0.04,0.05926903999989008,True
292,0.09060651063919067,0.014999985694885254,0.004204094409942627,0.02399126999080181,0.019999999552965164,0.019999999552965164,0.004000000189989805,0.026706475764513016,0.01244094967842102,0.0,0.04,0.05164938899997651,True
293,0.12414184212684631,0.014999985694885254,0.0037306547164916992,0.004879415035247803,0.004879415035247803,0.004879415035247803,0.004000000189989805,0.021703088656067848,0.011968851089477539,0.0,0.04,0.05123563200004355,True
294,0.12064656615257263,0.014999985694885254,0.0036770105361938477,0.0,0.0,0.0,0.0040000006556510925,0.004879415035247803,0.011995553970336914,0.0,0.04,0.05275401699964277,True
295,0.11764213442802429,0.014999985694885254,0.0037353038787841797,0.0,0.0,0.0,0.003999999724328518,0.0,0.011839985847473145,0.0,0.04,0.0552190610001162,True
296,0.1139245331287384,0.014999985694885254,0.003287971019744873,0.0,0.0,0.0,0.003999948501586914,0.0,0.011911869049072266,0.0,0.04,0.05119095300005938,True
297,0.11072126030921936,0.014999985694885254,0.0035545825958251953,0.0,0.0,0.0,0.003999948501586914,0.0,0.011588335037231445,0.0,0.04,0.05605138800001441,True
298,0.10730960965156555,0.014999985694885254,0.0033096671104431152,0.0,0.0,0.0,0.0020618438720703125,0.0,0.011858463287353516,0.0,0.04,0.05140246800010573,True
299,0.10399994254112244,0.014999985694885254,0.003746509552001953,0.0,0.0,0.0,0.0019069910049438477,0.0,0.011831879615783691,0.0,0.04,0.0517496749998827,True
300,0.10080590844154358,0.014999985694885254,0.0037685632705688477,0.0,0.0,0.0,0.002431631088256836,0.0,0.011528074741363525,0.0,0.04,0.05525533399986671,True
301,0.09733399748802185,0.014999985694885254,0.0031830668449401855,0.0,0.0,0.0,0.0034782886505126953,0.0,0.011869192123413086,0.0,0.04,0.052338961999794265,True
302,0.09415093064308167,0.014999985694885254,0.0033452510833740234,0.0,0.0,0.0,0.0027091503143310547,0.0,0.011800169944763184,0.0,0.04,0.05184449299986227,True
303,0.09094557166099548,0.014999985694885254,0.0033260583877563477,0.0,0.0,0.0,0.0024532973766326904,0.0,0.011732399463653564,0.0,0.04,0.05115746299998136,True
304,0.0876779854297638,0.014999985694885254,0.00315779447555542,0.0,0.0,0.0,0.0032749176025390625,0.0,0.011868715286254883,0.0,0.04,0.051383481999891956,True
305,0.08452019095420837,0.014999985694885254,0.003199338912963867,0.0,0.0,0.0,0.0027613043785095215,0.0,0.011837959289550781,0.0,0.04,0.05187009000019316,True
306,0.08135673403739929,0.014999985694885254,0.003223896026611328,0.0,0.0,0.0,0.001621931791305542,0.0,0.011788010597229004,0.0,0.04,0.05227114099989194,True
307,0.07814475893974304,0.014999985694885254,0.003432750701904297,0.0,0.0,0.0,0.0010237693786621094,0.0,0.011574149131774902,0.0,0.04,0.05606231399997341,True
308,0.07471200823783875,0.014999985694885254,0.0031402111053466797,0.0,0.0,0.0,0.003289937973022461,0.0,0.011871099472045898,0.0,0.04,0.05036841800028924,True
309,0.07158270478248596,0.014999985694885254,0.002916574478149414,0.0,0.0,0.0,0.0031402111053466797,0.0,0.01208418607711792,0.0,0.04,0.04891923300010603,True
310,0.06866690516471863,0.014999985694885254,0.0032528042793273926,0.0,0.0,0.0,0.002503514289855957,0.0,0.011747598648071289,0.0,0.04,0.051108113000282174,True
311,0.06541410088539124,0.014999985694885254,0.003174006938934326,0.0,0.0,0.0,0.001430511474609375,0.0,0.011826038360595703,0.0,0.04,0.0520902160001242,True
312,0.08540928363800049,0.01100003719329834,0.0031348466873168945,0.009143740870058537,0.009143740870058537,0.009143740870058537,0.0040000081062316895,0.009143740870058537,0.007865369319915771,0.0,0.04,0.05144300099982502,True
313,0.06824994087219238,0.00773963937535882,0.002566516399383545,0.004590858239680529,0.004590858239680529,0.004590858239680529,0.0040000081062316895,0.004552882630378008,0.006880343891680241,0.0,0.04,0.05891053099958299,True
314,0.04943537712097168,0.010999977588653564,0.002638658508658409,0.004260003566741943,0.004260003566741943,0.004260003566741943,0.0040000081062316895,0.006705140694975853,0.010229408740997314,0.0,0.04,0.05256318300007479,True
315,0.04886674880981445,0.014999985694885254,0.002097606658935547,0.006676593795418739,0.006676593795418739,0.006676593795418739,0.0040000081062316895,0.008790876716375351,0.013493537902832031,0.0,0.04,0.04964820199984388,True
316,0.07500964403152466,0.014999985694885254,0.004121124744415283,0.0345727801322937,0.019999999552965164,0.019999999552965164,0.0040000081062316895,0.026676593348383904,0.01087886095046997,0.0,0.04,0.052082595999763726,True
317,0.09634721279144287,0.014999985694885254,0.0035547614097595215,0.004232823848724365,0.004232823848724365,0.004232823848724365,0.0040000081062316895,0.019317608326673508,0.012064099311828613,0.0,0.04,0.051819191000049614,True
318,0.09279245138168335,0.014999985694885254,0.003781437873840332,0.0,0.0,0.0,0.0040000081062316895,0.004232823848724365,0.012202143669128418,0.0,0.04,0.05139227600011509,True
319,0.08999460935592651,0.014999985694885254,0.0035480260848999023,0.0,0.0,0.0,0.0040000081062316895,0.0,0.011536478996276855,0.0,0.04,0.05213950400002432,True
320,0.08653110265731812,0.014999985694885254,0.0032486915588378906,0.0,0.0,0.0,0.0040000081062316895,0.0,0.011931896209716797,0.0,0.04,0.05177544800017131,True
321,0.08328241109848022,0.014999985694885254,0.0032358169555664062,0.0,0.0,0.0,0.003999948501586914,0.0,0.011952877044677734,0.0,0.04,0.052150576999792975,True
322,0.0802353024482727,0.014999985694885254,0.0034220218658447266,0.0,0.0,0.0,0.0030617713928222656,0.0,0.011846184730529785,0.0,0.04,0.05137637799998629,True
323,0.07697552442550659,0.014999985694885254,0.003644585609436035,0.0,0.0,0.0,0.0034220218658447266,0.0,0.011874079704284668,0.0,0.04,0.051920024000082776,True
324,0.07379209995269775,0.014999985694885254,0.0037679672241210938,0.0,0.0,0.0,0.0020960569381713867,0.0,0.011595368385314941,0.0,0.04,0.055868881000151305,True
325,0.07038748264312744,0.014999985694885254,0.003191053867340088,0.0,0.0,0.0,0.001048654317855835,0.0,0.011895179748535156,0.0,0.04,0.0517431220000617,True
326,0.06719642877578735,0.014999985694885254,0.0035802125930786133,0.0,0.0,0.0,0.0006741583347320557,0.0,0.011564254760742188,0.0,0.04,0.056032931999652646,True
327,0.06374824047088623,0.014999985694885254,0.0032854080200195312,0.0,0.0,0.0,0.0005694329738616943,0.0,0.011799991130828857,0.0,0.04,0.051391164000051504,True
328,0.060548245906829834,0.014999985694885254,0.0034462809562683105,0.0,0.0,0.0,0.000417858362197876,0.0,0.011574745178222656,0.0,0.04,0.05556854700034819,True
329,0.05710196495056152,0.014999985694885254,0.003291010856628418,0.0,0.0,0.0,0.002626776695251465,0.0,0.01174616813659668,0.0,0.04,0.0516417819999333,True
330,0.053846120834350586,0.014999985694885254,0.0031709671020507812,0.0,0.0,0.0,0.003291010856628418,0.0,0.011834204196929932,0.0,0.04,0.05228897000006327,True
331,0.050680339336395264,0.014999985694885254,0.003224790096282959,0.0,0.0,0.0,0.0027751922607421875,0.0,0.011776089668273926,0.0,0.04,0.051104405999922164,True
332,0.047455549240112305,0.014999985694885254,0.003206968307495117,0.0,0.0,0.0,0.0015957355499267578,0.0,0.011793375015258789,0.0,0.04,0.05180756299978384,True
333,0.04424858093261719,0.014999985694885254,0.003439188003540039,0.0,0.0,0.0,0.000989675521850586,0.0,0.011562049388885498,0.0,0.04,0.055303828999967664,True
334,0.04081064462661743,0.014999985694885254,0.003419727087020874,0.0,0.0,0.0,0.0008050203323364258,0.0,0.011580705642700195,0.0,0.04,0.055979474000196205,True
335,0.03739091753959656,0.014999985694885254,0.003213554620742798,0.0,0.0,0.0,0.0006291866302490234,0.0,0.011786460876464844,0.0,0.04,0.05193154100015818,True
336,0.07098793983459473,0.01100003719329834,0.003489255905151367,0.01300409622490406,0.01300409622490406,0.01300409622490406,0.0040000081062316895,0.01300409622490406,0.007511138916015625,0.0,0.04,0.05584163899993655,True
337,0.052413105964660645,0.007000088691711426,0.0024254024028778076,0.00767829455435276,0.00767829455435276,0.00767829455435276,0.0040000081062316895,0.0053258016705513,0.005091190338134766,0.0,0.04,0.0554283020001094,True
338,0.034357279539108276,0.010999977588653564,0.00216066837310791,0.007817722856998444,0.007817722856998444,0.007817722856998444,0.0040000081062316895,0.015496017411351204,0.01024368405342102,0.0,0.04,0.05571530999986862,True
339,0.050624728202819824,0.014999985694885254,0.002397298812866211,0.007817722856998444,0.007817722856998444,0.007817722856998444,0.0040000081062316895,0.015635445713996887,0.013383954763412476,0.0,0.04,0.05208937900033561,True
340,0.09060943126678467,0.014999985694885254,0.004079163074493408,0.029022663831710815,0.019999999552965164,0.019999999552965164,0.0040000081062316895,0.027817722409963608,0.011527776718139648,0.0,0.04,0.05160954600023615,True
341,0.10736560821533203,0.014999985694885254,0.004113554954528809,0.01033020205795765,0.01033020205795765,0.01033020205795765,0.004000000189989805,0.009669797495007515,0.011293202638626099,0.0,0.04,0.055338885000310256,True
342,0.1035773754119873,0.014999985694885254,0.0032576322555541992,0.0,0.0,0.0,0.004000000189989805,0.01033020205795765,0.012038737535476685,0.0,0.04,0.055106105000049865,True
343,0.1003197431564331,0.014999985694885254,0.0034706592559814453,0.0,0.0,0.0,0.003999948501586914,0.0,0.011734247207641602,0.0,0.04,0.05224846300006902,True
344,0.0970534086227417,0.014999985694885254,0.0039119720458984375,0.0,0.0,0.0,0.003999948501586914,0.0,0.01122814416885376,0.0,0.04,0.05940999000040392,True
345,0.09322178363800049,0.014999985694885254,0.0038671493530273438,0.0,0.0,0.0,0.003421187400817871,0.0,0.011656403541564941,0.0,0.04,0.05533843200009869,True
346,0.0898277759552002,0.014999985694885254,0.0040122270584106445,0.0,0.0,0.0,0.003374814987182617,0.0,0.01153862476348877,0.0,0.04,0.055788198000300326,True
347,0.08636641502380371,0.014999985694885254,0.003844022750854492,0.0,0.0,0.0,0.0026971101760864258,0.0,0.011184364557266235,0.0,0.04,0.06016688799991243,True
348,0.08252239227294922,0.014999985694885254,0.0033349990844726562,0.0,0.0,0.0,0.0014417171478271484,0.0,0.011807292699813843,0.0,0.04,0.051308112000242545,True
349,0.07932436466217041,0.014999985694885254,0.003376007080078125,0.0,0.0,0.0,0.0008209943771362305,0.0,0.011761069297790527,0.0,0.04,0.051961832999950275,True
350,0.07608544826507568,0.014999985694885254,0.003580927848815918,0.0,0.0,0.0,0.0006548166275024414,0.0,0.011427104473114014,0.0,0.04,0.05602437000015925,True
351,0.07250452041625977,0.014999985694885254,0.0031450986862182617,0.0,0.0,0.0,0.0005584955215454102,0.0,0.011891871690750122,0.0,0.04,0.0520795040001758,True
352,0.06939554214477539,0.014999985694885254,0.003201127052307129,0.0,0.0,0.0,0.0004100799560546875,0.0,0.01183176040649414,0.0,0.04,0.051200117000007594,True
353,0.06622731685638428,0.014999985694885254,0.0032809972763061523,0.0,0.0,0.0,0.0003274679183959961,0.0,0.011721253395080566,0.0,0.04,0.05174283199994534,True
354,0.06294631958007812,0.014999985694885254,0.003389716148376465,0.0,0.0,0.0,0.002693265676498413,0.0,0.011620283126831055,0.0,0.04,0.05482408600028066,True
355,0.059566617012023926,0.014999985694885254,0.003447413444519043,0.0,0.0,0.0,0.0033750534057617188,0.0,0.0115586519241333,0.0,0.04,0.05598848599993289,True
356,0.05612528324127197,0.014999985694885254,0.0034837722778320312,0.0,0.0,0.0,0.002734541893005371,0.0,0.01151740550994873,0.0,0.04,0.05653119700036768,True
357,0.05264151096343994,0.014999985694885254,0.003224968910217285,0.0,0.0,0.0,0.001503676176071167,0.0,0.011777997016906738,0.0,0.04,0.05120504600017739,True
358,0.08556604385375977,0.01100003719329834,0.003718137741088867,0.020601332187652588,0.019999999552965164,0.019999999552965164,0.0040000081062316895,0.019999999552965164,0.0072830915451049805,0.0,0.04,0.06099412999992637,True
359,0.06354570388793945,0.008497834205627441,0.0024007558822631836,0.007986556738615036,0.007986556738615036,0.007986556738615036,0.0040000081062316895,0.012013442814350128,0.007352471351623535,0.0,0.04,0.054816265999761526,True
360,0.037183403968811035,0.012497782707214355,0.0025806427001953125,0.007319715805351734,0.007319715805351734,0.007319715805351734,0.0040000081062316895,0.01530627254396677,0.009917140007019043,0.0,0.04,0.05009002699989651,True
361,0.034944891929626465,0.014999985694885254,0.0030366182327270508,0.009663361124694347,0.009663361124694347,0.009663361124694347,0.0040000081062316895,0.01698307693004608,0.011963367462158203,0.0,0.04,0.0522340819998135,True
362,0.05977141857147217,0.014999985694885254,0.0037065744400024414,0.042167842388153076,0.019999999552965164,0.019999999552965164,0.0040000081062316895,0.029663361608982086,0.011293411254882812,0.0,0.04,0.051166232000014134,True
363,0.06558108329772949,0.014999985694885254,0.0038499832153320312,0.030772987753152847,0.019999999552965164,0.019999999552965164,0.0040000081062316895,0.0014559030532836914,0.011672616004943848,0.0,0.04,0.05534995500011064,True
364,0.062253713607788086,0.014999985694885254,0.0037775039672851562,0.010772988200187683,0.010772988200187683,0.010772988200187683,0.0040000081062316895,0.009227011352777481,0.01169133186340332,0.0,0.04,0.0557977779999419,True
365,0.05847620964050293,0.014999985694885254,0.003543257713317871,0.0,0.0,0.0,0.0040000081062316895,0.010772988200187683,0.01237034797668457,0.0,0.04,0.051912131999870326,True
366,0.05493295192718506,0.014999985694885254,0.003687262535095215,0.0,0.0,0.0,0.0040000081062316895,0.0,0.011613249778747559,0.0,0.04,0.056169261000377446,True
367,0.05154621601104736,0.014999985694885254,0.0038862228393554688,0.0,0.0,0.0,0.0028568506240844727,0.0,0.011889219284057617,0.0,0.04,0.051358116999836056,True
368,0.04821336269378662,0.014999985694885254,0.003726363182067871,0.0,0.0,0.0,0.002499520778656006,0.0,0.012135028839111328,0.0,0.04,0.05175196800018966,True
369,0.0449601411819458,0.014999985694885254,0.0038826167583465576,0.0,0.0,0.0,0.003707289695739746,0.0,0.011552214622497559,0.0,0.04,0.05572444700010237,True
370,0.041512370109558105,0.014999985694885254,0.003551006317138672,0.0,0.0,0.0,0.0036236047744750977,0.0,0.011577397584915161,0.0,0.04,0.05644088200006081,True
371,0.03804588317871094,0.014999985694885254,0.003585338592529297,0.0,0.0,0.0,0.003432035446166992,0.0,0.011565208435058594,0.0,0.04,0.05524876999970729,True
372,0.03461110591888428,0.014999985694885254,0.0035708844661712646,0.0,0.0,0.0,0.0033577680587768555,0.0,0.011518239974975586,0.0,0.04,0.05582046800009266,True
373,0.03112936019897461,0.014999985694885254,0.003721475601196289,0.0,0.0,0.0,0.003474593162536621,0.0,0.011299759149551392,0.0,0.04,0.059200637999765604,True
374,0.02740788459777832,0.014999985694885254,0.0034811794757843018,0.0,0.0,0.0,0.0027468204498291016,0.0,0.011566758155822754,0.0,0.04,0.0554998469997372,True
375,0.02397465705871582,0.014999985694885254,0.0037599503993988037,0.0,0.0,0.0,0.0024237632751464844,0.0,0.011252522468566895,0.0,0.04,0.05946489799998744,True
376,0.02022719383239746,0.014999985694885254,0.003511786460876465,0.0,0.0,0.0,0.0037599503993988037,0.0,0.011488199234008789,0.0,0.04,0.055528279000100156,True
377,0.016715407371520996,0.014999985694885254,0.0032651424407958984,0.0,0.0,0.0,0.0029565393924713135,0.0,0.011734843254089355,0.0,0.04,0.052173805000165885,True
378,0.013450264930725098,0.013450264930725098,0.003322005271911621,0.0,0.0,0.0,0.0015497207641601562,0.0,0.010128259658813477,0.0,0.04,0.05169016499985446,True
379,0.010128259658813477,0.010128259658813477,0.0031769275665283203,0.0,0.0,0.0,0.003322005271911621,0.0,0.006951332092285156,0.0,0.04,0.05560393799987651,True
380,0.08538317680358887,0.0061283111572265625,0.0024443864822387695,0.04193969815969467,0.019999999552965164,0.019999999552965164,0.0040000081062316895,0.019999999552965164,0.003964424133300781,0.0,0.04,0.06370164700001624,True
381,0.056206583976745605,0.007762432098388672,0.002121448516845703,0.030772987753152847,0.019999999552965164,0.019999999552965164,0.0040000081062316895,0.005078017711639404,0.005764126777648926,0.0,0.04,0.07870179199971972,True
382,0.02929285168647766,0.011397600173950195,0.003367215394973755,0.0016610724851489067,0.0016610734164714813,0.0016610734164714813,0.0040000081062316895,0.018338926136493683,0.008223891258239746,0.0,0.04,0.062439330000415794,True
383,0.04097115993499756,0.014999985694885254,0.003488898277282715,0.009111914783716202,0.009111914783716202,0.009111914783716202,0.0040000081062316895,0.0074508413672447205,0.011511087417602539,0.0,0.04,0.05978520300004675,True
384,0.051419734954833984,0.014999985694885254,0.003705263137817383,0.05468808487057686,0.019999999552965164,0.019999999552965164,0.0040000081062316895,0.029111914336681366,0.011294722557067871,0.0,0.04,0.05089241299992864,True
385,0.052654266357421875,0.014999985694885254,0.004033446311950684,0.05620812252163887,0.019999999552965164,0.019999999552965164,0.0040000081062316895,0.0004862546920776367,0.011922836303710938,0.0,0.04,0.05281107500013604,True
386,0.05264484882354736,0.014999985694885254,0.0037184953689575195,0.036208122968673706,0.019999999552965164,0.019999999552965164,0.0040000081062316895,0.005899965763092041,0.011771082878112793,0.0,0.04,0.05045632899964403,True
387,0.05212235450744629,0.014999985694885254,0.003620147705078125,0.016208123415708542,0.016208123415708542,0.016208123415708542,0.0040000081062316895,0.0037918761372566223,0.011379837989807129,0.0,0.04,0.05584586900022259,True
388,0.05070757865905762,0.014999985694885254,0.0031108856201171875,0.0,7.450580596923828e-09,7.450580596923828e-09,0.003999948501586914,0.01620813086628914,0.01199251413345337,0.0,0.04,0.05095083300011538,True
389,0.04810452461242676,0.014999985694885254,0.003662794828414917,7.450580596923828e-09,7.450580596923828e-09,7.450580596923828e-09,0.002795577049255371,1.4901161193847656e-08,0.011863470077514648,0.0,0.04,0.052252871000291634,True
390,0.04475831985473633,0.014999985694885254,0.0037331581115722656,0.0,0.0,0.0,0.001976490020751953,7.450580596923828e-09,0.011728525161743164,0.0,0.04,0.05142534100014018,True
391,0.04102516174316406,0.014999985694885254,0.003777623176574707,0.0,0.0,0.0,0.002293825149536133,0.0,0.011695533990859985,0.0,0.04,0.05571636100012256,True
392,0.037453651428222656,0.014999985694885254,0.003793686628341675,0.0,0.0,0.0,0.003777623176574707,0.0,0.011318445205688477,0.0,0.04,0.059279615999912494,True
393,0.03377211093902588,0.014999985694885254,0.003530144691467285,0.0,0.0,0.0,0.0029935836791992188,0.0,0.011603713035583496,0.0,0.04,0.05597231399997327,True
394,0.030241966247558594,0.014999985694885254,0.0035446882247924805,0.0,0.0,0.0,0.0016696453094482422,0.0,0.011482000350952148,0.0,0.04,0.055758383000011236,True
395,0.026697278022766113,0.014999985694885254,0.0032793283462524414,0.0,0.0,0.0,0.0034950971603393555,0.0,0.01173412799835205,0.0,0.04,0.05235564800022985,True
396,0.02343142032623291,0.014999985694885254,0.00348055362701416,0.0,0.0,0.0,0.0032793283462524414,0.0,0.011519432067871094,0.0,0.04,0.055112165000082314,True
397,0.01995086669921875,0.014999985694885254,0.003239750862121582,0.0,0.0,0.0,0.0028345584869384766,0.0,0.011760234832763672,0.0,0.04,0.05134649899991928,True
398,0.016711115837097168,0.014999985694885254,0.0032203197479248047,0.0,0.0,0.0,0.0013065338134765625,0.0,0.01177966594696045,0.0,0.04,0.052392855000107375,True
399,0.013490796089172363,0.013490796089172363,0.0035409927368164062,0.0,0.0,0.0,0.0015091896057128906,0.0,0.009949803352355957,0.0,0.04,0.05521253799997794,True
400,0.009949803352355957,0.009949803352355957,0.002886533737182617,0.0,0.0,0.0,0.0035409927368164062,0.0,0.00706326961517334,0.0,0.04,0.051381326999944577,True
401,0.00706326961517334,0.00706326961517334,0.002063274383544922,0.0,0.0,0.0,0.002886533737182617,0.0,0.004999995231628418,0.0,0.04,0.05190782299996499,True
402,0.004999995231628418,0.004999995231628418,0.0013936758041381836,0.0,0.0,0.0,0.002063274383544922,0.0,0.0036063194274902344,0.0,0.04,0.051481161000083375,True
403,0.0036063194274902344,0.0036063194274902344,0.0007661581039428711,0.0,0.0,0.0,0.0013936758041381836,0.0,0.0028401613235473633,0.0,0.04,0.05203250700014905,True
404,0.06059706211090088,0.004206180572509766,0.0006954669952392578,0.07620812207460403,0.019999999552965164,0.019999999552965164,0.0040000081062316895,0.019999999552965164,0.004159450531005859,0.0,0.04,0.06858903700003793,True
405,0.03670984506607056,0.00820612907409668,0.0020994041115045547,0.05620812252163887,0.019999999552965164,0.019999999552965164,0.0040000081062316895,0.0003986358642578125,0.006186962127685547,0.0,0.04,0.0705702969999038,True
406,0.025147438049316406,0.012206077575683594,0.0025805234909057617,0.011696623638272285,0.011696623638272285,0.011696623638272285,0.0040000081062316895,0.008303375914692879,0.009625554084777832,0.0,0.04,0.05096783899989532,True
407,0.02914261817932129,0.014999985694885254,0.0032852888107299805,0.047888077795505524,0.019999997690320015,0.019999997690320015,0.0040000081062316895,0.0316966213285923,0.011781960725784302,0.0,0.04,0.0559429340000861,True
408,0.026050299406051636,0.014999985694885254,0.003921151161193848,0.12829193472862244,0.019999995827674866,0.019999995827674866,0.0040000081062316895,0.0026110410690307617,0.011089354753494263,0.0,0.04,0.05245199999990291,True
409,0.03808259963989258,0.010999977588653564,0.003985852003097534,0.20409660041332245,0.019999995827674866,0.019999995827674866,0.0040000081062316895,0.0007137060165405273,0.007981061935424805,0.0,0.04,0.054903462000311265,True
410,0.037265658378601074,0.013379454612731934,0.0023897886276245117,0.18409660458564758,0.019999995827674866,0.019999995827674866,0.0040000081062316895,0.006310164928436279,0.010989665985107422,0.0,0.04,0.051914391000082105,True
411,0.03613841533660889,0.013088583946228027,0.003748297691345215,0.16409660875797272,0.019999995827674866,0.019999995827674866,0.0040000081062316895,0.0,0.009916901588439941,0.0,0.04,0.05599209599995447,True
412,0.03405153751373291,0.014999985694885254,0.0033670663833618164,0.14409661293029785,0.019999995827674866,0.019999995827674866,0.0040000081062316895,0.0,0.01186823844909668,0.0,0.04,0.051100317999953404,True
413,0.030919790267944336,0.014999985694885254,0.0036257505416870117,0.12409661710262299,0.019999995827674866,0.019999995827674866,0.0033670663833618164,0.0,0.011374235153198242,0.0,0.04,0.0522378599998774,True
414,0.027294039726257324,0.014999985694885254,0.0038596391677856445,0.10409662127494812,0.019999995827674866,0.019999995827674866,0.003044724464416504,0.0,0.01114034652709961,0.0,0.04,0.05533846599973913,True
415,0.02343440055847168,0.014999985694885254,0.003098607063293457,0.08409662544727325,0.019999995827674866,0.019999995827674866,0.003813505172729492,0.0,0.011901378631591797,0.0,0.04,0.051767846000075224,True
416,0.020335793495178223,0.014999985694885254,0.0032787322998046875,0.06409662961959839,0.019999995827674866,0.019999995827674866,0.0026470422744750977,0.0,0.011721253395080566,0.0,0.04,0.05185004499981005,True
417,0.017057061195373535,0.014999985694885254,0.0033260583877563477,0.04409663379192352,0.019999995827674866,0.019999995827674866,0.001044154167175293,0.0,0.011673927307128906,0.0,0.04,0.05137511600014477,True
418,0.013731002807617188,0.013731002807617188,0.0033655166625976562,0.024096637964248657,0.02000001072883606,0.02000001072883606,0.0012689828872680664,1.4901161193847656e-08,0.010365486145019531,0.0,0.04,0.05627225000034741,True
419,0.010365486145019531,0.010365486145019531,0.0033222436904907227,0.004096627235412598,0.004096627235412598,0.004096627235412598,0.0033655166625976562,0.015903383493423462,0.007043242454528809,0.0,0.04,0.05957254599979933,True
420,0.007043242454528809,0.007043242454528809,0.002202153205871582,0.0,0.0,0.0,0.0033222436904907227,0.004096627235412598,0.0048410892486572266,0.0,0.04,0.05286669499992058,True
421,0.0048410892486572266,0.0048410892486572266,0.001371622085571289,0.0,0.0,0.0,0.002202153205871582,0.0,0.0034694671630859375,0.0,0.04,0.05362388599996848,True
422,0.0034694671630859375,0.0034694671630859375,0.0007687807083129883,0.0,0.0,0.0,0.001371622085571289,0.0,0.0027006864547729492,0.0,0.04,0.05489914100007809,True
423,0.0027006864547729492,0.0027006864547729492,0.000583648681640625,0.0,0.0,0.0,0.0007687807083129883,0.0,0.0021170377731323242,0.0,0.04,0.055626612000196474,True
424,0.0021170377731323242,0.0021170377731323242,0.00045680999755859375,0.0,0.0,0.0,0.000583648681640625,0.0,0.0016602277755737305,0.0,0.04,0.056069222999667545,True
425,0.0016602277755737305,0.0016602277755737305,0.00033533573150634766,0.0,0.0,0.0,0.00045680999755859375,0.0,0.0013248920440673828,0.0,0.04,0.051834226999744715,True
426,0.0650181770324707,0.00408133864402771,0.0003066062927246094,0.26860809326171875,0.019999995827674866,0.019999995827674866,0.0040000081062316895,0.019999995827674866,0.004064053297042847,0.0,0.04,0.06056927999998152,True
427,0.04055154323577881,0.007960498332977295,0.0015103816986083984,0.20275501906871796,0.019999995827674866,0.019999995827674866,0.0040000081062316895,0.018120646476745605,0.006747573614120483,0.0,0.04,0.06337518700001965,True
428,0.048349976539611816,0.011834383010864258,0.0024894773960113525,0.12906216084957123,0.019999995827674866,0.019999995827674866,0.0040000081062316895,0.0073394775390625,0.009371042251586914,0.0,0.04,0.05072819899987735,True
429,0.06464803218841553,0.014999985694885254,0.0028433799743652344,0.019378960132598877,0.019378960132598877,0.019378960132598877,0.0040000081062316895,0.03937895596027374,0.01215660572052002,0.0,0.04,0.051595252999959484,True
430,0.05415213108062744,0.01228630542755127,0.0037037134170532227,0.22590117156505585,0.019999995827674866,0.019999995827674866,0.0040000081062316895,0.000867009162902832,0.01024782657623291,0.0,0.04,0.05173630500030413,True
431,0.030693411827087402,0.014999985694885254,0.003269672393798828,0.274504154920578,0.02000001072883606,0.02000001072883606,0.0040000081062316895,0.008673310279846191,0.011958122253417969,0.0,0.04,0.05522972700009632,True
432,0.03396308422088623,0.014999985694885254,0.00390779972076416,0.25450414419174194,0.02000001072883606,0.02000001072883606,0.0040000081062316895,0.0024434328079223633,0.011092185974121094,0.0,0.04,0.050794732999747794,True
433,0.03459477424621582,0.014999985694885254,0.0035196542739868164,0.23450413346290588,0.02000001072883606,0.02000001072883606,0.0040000081062316895,0.0,0.011480331420898438,0.0,0.04,0.05227765499967063,True
434,0.03498280048370361,0.014999985694885254,0.003208160400390625,0.21450412273406982,0.02000001072883606,0.02000001072883606,0.0040000081062316895,0.0,0.011791825294494629,0.0,0.04,0.05164848100002928,True
435,0.03446316719055176,0.014999985694885254,0.003381013870239258,0.19450411200523376,0.02000001072883606,0.02000001072883606,0.003999948501586914,0.0,0.01220807433128357,0.0,0.04,0.05168419499977972,True
436,0.03273355960845947,0.014999985694885254,0.0037619173526763916,0.1745041012763977,0.02000001072883606,0.02000001072883606,0.003999948501586914,0.0,0.011238068342208862,0.0,0.04,0.0514739590003046,True
437,0.030438542366027832,0.014999985694885254,0.003627389669418335,0.15450409054756165,0.02000001072883606,0.02000001072883606,0.0031185150146484375,0.0,0.011835575103759766,0.0,0.04,0.05255246900014754,True
438,0.027274131774902344,0.014999985694885254,0.004070639610290527,0.13450407981872559,0.02000001072883606,0.02000001072883606,0.003627389669418335,0.0,0.010929346084594727,0.0,0.04,0.05531870200002231,True
439,0.023203492164611816,0.014999985694885254,0.0033402442932128906,0.11450406908988953,0.02000001072883606,0.02000001072883606,0.003028571605682373,0.0,0.011659741401672363,0.0,0.04,0.051375499999721796,True
440,0.019863247871398926,0.014999985694885254,0.0031195878982543945,0.09450405836105347,0.02000001072883606,0.02000001072883606,0.002131223678588867,0.0,0.01188039779663086,0.0,0.04,0.05134371899976031,True
441,0.01674365997314453,0.014999985694885254,0.003649473190307617,0.07450404763221741,0.02000001072883606,0.02000001072883606,0.0010692477226257324,0.0,0.011350512504577637,0.0,0.04,0.05596467100031077,True
442,0.013094186782836914,0.013094186782836914,0.0034401416778564453,0.05450403690338135,0.02000001072883606,0.02000001072883606,0.0019057989120483398,0.0,0.009654045104980469,0.0,0.04,0.056102089999967575,True
443,0.009654045104980469,0.009654045104980469,0.002810359001159668,0.03450402617454529,0.02000001072883606,0.02000001072883606,0.0034401416778564453,0.0,0.006843686103820801,0.0,0.04,0.05134939800018401,True
444,0.006843686103820801,0.006843686103820801,0.0020456314086914062,0.014504015445709229,0.014504015445709229,0.014504015445709229,0.002810359001159668,0.005495995283126831,0.0047980546951293945,0.0,0.04,0.05155013300009159,True
445,0.0047980546951293945,0.0047980546951293945,0.0014079809188842773,0.0,0.0,0.0,0.0020456314086914062,0.014504015445709229,0.003390073776245117,0.0,0.04,0.05166771499989409,True
446,0.003390073776245117,0.003390073776245117,0.0007789134979248047,0.0,0.0,0.0,0.0014079809188842773,0.0,0.0026111602783203125,0.0,0.04,0.056180324999786535,True
447,0.0026111602783203125,0.0026111602783203125,0.0005658864974975586,0.0,0.0,0.0,0.0007789134979248047,0.0,0.002045273780822754,0.0,0.04,0.05549288100019112,True
448,0.002045273780822754,0.002045273780822754,0.0004132986068725586,0.0,0.0,0.0,0.0005658864974975586,0.0,0.0016319751739501953,0.0,0.04,0.052570995000223775,True
449,0.045757174491882324,0.004510760307312012,0.00033032894134521484,0.45278453826904297,0.019999980926513672,0.019999980926513672,0.0040000081062316895,0.019999980926513672,0.004427790641784668,0.0,0.04,0.051191358999858494,True
450,0.056824684143066406,0.008510708808898926,0.0012023448944091797,0.30990326404571533,0.02000001072883606,0.02000001072883606,0.0040000081062316895,0.02028512954711914,0.007665038108825684,0.0,0.04,0.05586038399997051,True
451,0.038912296295166016,0.01251065731048584,0.0029082298278808594,0.21155980229377747,0.02000001072883606,0.02000001072883606,0.0040000081062316895,0.026530742645263672,0.00960242748260498,0.0,0.04,0.06029286500006492,True
452,0.049077123403549194,0.014999985694885254,0.0032628774642944336,0.012622416019439697,0.012622416019439697,0.012622416019439697,0.004000000189989805,0.031399548053741455,0.011996150016784668,0.0,0.04,0.054393028000049526,True
453,0.033202946186065674,0.014999985694885254,0.0036182403564453125,0.10225358605384827,0.02000001072883606,0.02000001072883606,0.004000000189989805,0.015454709529876709,0.011400610208511353,0.0,0.04,0.0516735780001909,True
454,0.05144965648651123,0.014999985694885254,0.004236370325088501,0.10800391435623169,0.019999980926513672,0.019999980926513672,0.0040000081062316895,0.0045056939125061035,0.010842204093933105,0.0,0.04,0.05549338699984219,True
455,0.05568602681159973,0.014999985694885254,0.0033696889877319336,0.08800393342971802,0.019999980926513672,0.019999980926513672,0.0040000081062316895,0.0016734004020690918,0.01163029670715332,0.0,0.04,0.05576352700018106,True
456,0.057978302240371704,0.014999985694885254,0.0033032894134521484,0.06800395250320435,0.019999980926513672,0.019999980926513672,0.0040000081062316895,0.0,0.011696696281433105,0.0,0.04,0.05247870400035026,True
457,0.05881491303443909,0.014045119285583496,0.00342559814453125,0.048003971576690674,0.019999980926513672,0.019999980926513672,0.0040000081062316895,0.0,0.011293768882751465,0.0,0.04,0.051468746999944415,True
458,0.05931669473648071,0.014999985694885254,0.003415346145629883,0.028003990650177002,0.019999980926513672,0.019999980926513672,0.0040000081062316895,0.0,0.011584639549255371,0.0,0.04,0.05123225099987394,True
459,0.05869600176811218,0.014999985694885254,0.004012465476989746,0.00800400972366333,0.00800400972366333,0.00800400972366333,0.0040000081062316895,0.011995971202850342,0.010987520217895508,0.0,0.04,0.0556843750000553,True
460,0.05697086453437805,0.014999985694885254,0.0031810998916625977,0.0,0.0,0.0,0.0040000081062316895,0.00800400972366333,0.01186370849609375,0.0,0.04,0.05125363000024663,True
461,0.05469956994056702,0.014999985694885254,0.0037641525268554688,0.0,0.0,0.0,0.002278149127960205,0.0,0.011809349060058594,0.0,0.04,0.05219879000014771,True
462,0.051508933305740356,0.014999985694885254,0.0037925243377685547,0.0,0.0,0.0,0.0024983584880828857,0.0,0.011629581451416016,0.0,0.04,0.05183645900024203,True
463,0.0477164089679718,0.014999985694885254,0.0038842856884002686,0.0,0.0,0.0,0.0012642145156860352,0.0,0.011336445808410645,0.0,0.04,0.059094291999826964,True
464,0.04383212327957153,0.014999985694885254,0.0032918453216552734,0.0,0.0,0.0,0.0020977258682250977,0.0,0.011915385723114014,0.0,0.04,0.05207944199992198,True
465,0.04074752330780029,0.014999985694885254,0.003361225128173828,0.0,0.0,0.0,0.0032918453216552734,0.0,0.011747241020202637,0.0,0.04,0.05181856900026105,True
466,0.037386298179626465,0.014999985694885254,0.003341764211654663,0.0,0.0,0.0,0.0028644800186157227,0.0,0.01170647144317627,0.0,0.04,0.05223776100001487,True
467,0.0340445339679718,0.014999985694885254,0.0036182403564453125,0.0,0.0,0.0,0.0018603801727294922,0.0,0.011398166418075562,0.0,0.04,0.05887984499986487,True
468,0.03044271469116211,0.014999985694885254,0.0032068490982055664,0.0,0.0,0.0,0.0036182403564453125,0.0,0.011793136596679688,0.0,0.04,0.052264514999933454,True
469,0.027235865592956543,0.014999985694885254,0.003209829330444336,0.0,0.0,0.0,0.0030547380447387695,0.0,0.011790156364440918,0.0,0.04,0.051313705000211485,True
470,0.024026036262512207,0.014999985694885254,0.0032629072666168213,0.0,0.0,0.0,0.002388477325439453,0.0,0.011737078428268433,0.0,0.04,0.051680134999969596,True
471,0.020763128995895386,0.014999985694885254,0.0031930506229400635,0.0,0.0,0.0,0.0011892318725585938,0.0,0.01180693507194519,0.0,0.04,0.052046083000277577,True
472,0.017570078372955322,0.014999985694885254,0.0031723976135253906,0.0,0.0,0.0,0.0008522272109985352,0.0,0.011827588081359863,0.0,0.04,0.0513048070001787,True
473,0.07865238189697266,0.010999977588653564,0.003891199827194214,0.38691067695617676,0.019999980926513672,0.019999980926513672,0.0040000081062316895,0.019999980926513672,0.007108777761459351,0.0,0.04,0.06486381600007007,True
474,0.0895458459854126,0.00769844651222229,0.0022352933883666992,0.2646179497241974,0.019999980926513672,0.019999980926513672,0.0040000081062316895,0.0005058050155639648,0.006373763084411621,0.0,0.04,0.059262621000016225,True
475,0.07722854614257812,0.01169845461845398,0.003215193748474121,0.20900195837020874,0.019999980926513672,0.019999980926513672,0.0040000081062316895,0.013731956481933594,0.008483260869979858,0.0,0.04,0.06619847100000698,True
476,0.06809687614440918,0.014999985694885254,0.0030122636817395687,0.11981457471847534,0.019999980926513672,0.019999980926513672,0.0040000081062316895,0.027585089206695557,0.012131333351135254,0.0,0.04,0.05201722800029529,True
477,0.055491238832473755,0.014999985694885254,0.0040547847747802734,0.08282142877578735,0.019999980926513672,0.019999980926513672,0.0040000081062316895,0.039999961853027344,0.011087656021118164,0.0,0.04,0.05558402399992701,True
478,0.02365851402282715,0.01100003719329834,0.004249215126037598,0.06411731243133545,0.019999980926513672,0.019999980926513672,0.0040000081062316895,0.0025981664657592773,0.006864726543426514,0.0,0.04,0.056036372000107804,True
479,0.026448965072631836,0.007000088691711426,0.0024867800530046225,0.04411733150482178,0.019999980926513672,0.019999980926513672,0.0040000081062316895,0.00341719388961792,0.00512087345123291,0.0,0.04,0.055906080000113434,True
480,0.026461362838745117,0.008726119995117188,0.002428293228149414,0.024117350578308105,0.019999980926513672,0.019999980926513672,0.0040000081062316895,0.0,0.007531642913818359,0.0,0.04,0.050629673000003095,True
481,0.026448488235473633,0.012726068496704102,0.002680540084838867,0.004117369651794434,0.004117369651794434,0.004117369651794434,0.0040000081062316895,0.01588261127471924,0.010045528411865234,0.0,0.04,0.05600334200016732,True
482,0.025380969047546387,0.011347055435180664,0.0032483339309692383,0.0,0.0,0.0,0.0040000081062316895,0.004117369651794434,0.009055614471435547,0.0,0.04,0.051847367999926064,True
483,0.02308952808380127,0.014999985694885254,0.0031229257583618164,0.0,0.0,0.0,0.0040000081062316895,0.0,0.011969447135925293,0.0,0.04,0.05598135799982629,True
484,0.02005898952484131,0.014999985694885254,0.004225015640258789,0.0,0.0,0.0,0.0031229257583618164,0.0,0.010774970054626465,0.0,0.04,0.059349249999741005,True
485,0.01583397388458252,0.014999985694885254,0.003704547882080078,0.0,0.0,0.0,0.0027104616165161133,0.0,0.011295437812805176,0.0,0.04,0.05194995800002289,True
486,0.012129426002502441,0.012129426002502441,0.003249645233154297,0.0,0.0,0.0,0.003093421459197998,0.0,0.008879780769348145,0.0,0.04,0.05540093599984175,True
487,0.008879780769348145,0.008879780769348145,0.0028856992721557617,0.0,0.0,0.0,0.003249645233154297,0.0,0.005994081497192383,0.0,0.04,0.05167140899993683,True
488,0.005994081497192383,0.005994081497192383,0.0014151334762573242,0.0,0.0,0.0,0.0028856992721557617,0.0,0.004578948020935059,0.0,0.04,0.052016085000104795,True
489,0.004578948020935059,0.004578948020935059,0.0010912418365478516,0.0,0.0,0.0,0.0014151334762573242,0.0,0.003487706184387207,0.0,0.04,0.05501838000009229,True
490,0.003487706184387207,0.003487706184387207,0.000714421272277832,0.0,0.0,0.0,0.0010912418365478516,0.0,0.002773284912109375,0.0,0.04,0.052337473000079626,True
491,0.002773284912109375,0.002773284912109375,0.0005608797073364258,0.0,0.0,0.0,0.000714421272277832,0.0,0.0022124052047729492,0.0,0.04,0.05160621599998194,True
492,0.0022124052047729492,0.0022124052047729492,0.0004467964172363281,0.0,0.0,0.0,0.0005608797073364258,0.0,0.001765608787536621,0.0,0.04,0.05105513800026529,True
493,0.001765608787536621,0.001765608787536621,0.0003566741943359375,0.0,0.0,0.0,0.0004467964172363281,0.0,0.0014089345932006836,0.0,0.04,0.051769045000128244,True
